performance_id,competition,program,name,nation,rank,starting_number,total_segment_score,total_element_score,total_component_score,total_deductions
a20f75f93c,ec2025_protocol,PAIRS SHORT PROGRAM,Sara CONTI / Niccolo MACII,ITA,2,17,68.52,35.27,33.25,0.0
5291fa38fd,ec2025_protocol,PAIRS SHORT PROGRAM,Maria PAVLOVA / Alexei SVIATCHENKO,HUN,3,15,65.88,35.53,30.35,0.0
e3714f6e13,ec2025_protocol,PAIRS SHORT PROGRAM,Anastasia VAIPAN-LAW / Luke DIGBY,GBR,4,11,64.83,35.8,29.03,0.0
7ca2564893,ec2025_protocol,PAIRS SHORT PROGRAM,Annika HOCKE / Robert KUNKEL,GER,5,13,62.68,33.01,29.67,0.0
5a00b43f88,ec2025_protocol,PAIRS SHORT PROGRAM,Rebecca GHILARDI / Filippo AMBROSINI,ITA,6,16,60.95,29.83,31.12,0.0
9c57e852cb,ec2025_protocol,PAIRS SHORT PROGRAM,Ioulia CHTCHETININA / Michal WOZNIAK,POL,7,10,60.31,33.35,26.96,0.0
c5b2cc990c,ec2025_protocol,PAIRS SHORT PROGRAM,Camille KOVALEV / Pavel KOVALEV,FRA,8,9,57.13,30.21,26.92,0.0
025d31b037,ec2025_protocol,PAIRS SHORT PROGRAM,Sofiia HOLICHENKO / Artem DARENSKYI,UKR,10,3,56.73,31.6,25.13,0.0
78877cd19f,ec2025_protocol,PAIRS SHORT PROGRAM,Letizia ROSCHER / Luis SCHUSTER,GER,12,5,55.18,29.85,25.33,0.0
6afca8b02c,ec2025_protocol,PAIRS SHORT PROGRAM,Oxana VOUILLAMOZ / Tom BOUVART,SUI,13,2,54.62,30.07,24.55,0.0
7d4c17f9c1,ec2025_protocol,PAIRS SHORT PROGRAM,Sophia SCHALLER / Livio MAYR,AUT,15,4,52.11,27.88,24.23,0.0
78c63b5777,ec2025_protocol,PAIRS SHORT PROGRAM,Greta CRAFOORD / John CRAFOORD,SWE,17,6,49.14,25.11,24.03,0.0
f2dadd93b2,ec2025_protocol,PAIRS SHORT PROGRAM,Julia Sylvia GUNNARSDOTTIR / Manuel PIAZZA,ISL,18,1,48.58,27.06,21.52,0.0
56deca7433,ec2025_protocol,PAIRS FREE SKATING,Minerva Fabienne HASE / Nikita VOLODIN,GER,1,16,140.89,70.7,70.19,0.0
0278fd5ace,ec2025_protocol,PAIRS FREE SKATING,Sara CONTI / Niccolo MACII,ITA,2,15,138.37,69.88,68.49,0.0
e2e5446dac,ec2025_protocol,PAIRS FREE SKATING,Anastasiia METELKINA / Luka BERULAVA,GEO,3,8,134.85,71.34,63.51,0.0
888e4d2102,ec2025_protocol,PAIRS FREE SKATING,Ioulia CHTCHETININA / Michal WOZNIAK,POL,7,10,117.55,60.07,57.48,0.0
a4c40d9cfb,ec2025_protocol,PAIRS FREE SKATING,Daria DANILOVA / Michel TSIBA,NED,10,6,110.32,57.37,52.95,0.0
9a8c9f380f,ec2025_protocol,PAIRS FREE SKATING,Letizia ROSCHER / Luis SCHUSTER,GER,13,5,102.97,52.06,50.91,0.0
5edce5ccae,ec2025_protocol,PAIRS FREE SKATING,Sophia SCHALLER / Livio MAYR,AUT,16,2,90.2,45.55,44.65,0.0
135eb13340,ec2025_protocol,WOMEN SHORT PROGRAM,Anastasiia GUBANOVA,GEO,1,29,68.99,37.31,31.68,0.0
550252365c,ec2025_protocol,WOMEN SHORT PROGRAM,Niina PETROKINA,EST,2,28,68.94,37.45,31.49,0.0
bcdf0b53eb,ec2025_protocol,WOMEN SHORT PROGRAM,Kimmy REPOND,SUI,3,31,68.68,37.09,31.59,0.0
98d4e1ccf7,ec2025_protocol,WOMEN SHORT PROGRAM,Nina PINZARRONE,BEL,4,30,66.8,35.51,31.29,0.0
8411584fd3,ec2025_protocol,WOMEN SHORT PROGRAM,Lara Naki GUTMANN,ITA,5,26,63.79,33.24,30.55,0.0
a9e0b62b28,ec2025_protocol,WOMEN SHORT PROGRAM,Anna PEZZETTA,ITA,6,20,62.73,33.18,29.55,0.0
6d07162b5f,ec2025_protocol,WOMEN SHORT PROGRAM,Lorine SCHILD,FRA,7,25,62.47,34.49,27.98,0.0
e35845b2cb,ec2025_protocol,WOMEN SHORT PROGRAM,Julia SAUTER,ROU,8,24,61.96,33.03,28.93,0.0
5a8edd2964,ec2025_protocol,WOMEN SHORT PROGRAM,Ekaterina KURAKOVA,POL,9,27,58.7,29.3,29.4,0.0
24388718fa,ec2025_protocol,WOMEN SHORT PROGRAM,Kristen SPOURS,GBR,10,15,57.39,31.5,25.89,0.0
6ae0e6260f,ec2025_protocol,WOMEN SHORT PROGRAM,Jade HOVINE,BEL,11,13,56.19,30.68,25.51,0.0
e101a64b6c,ec2025_protocol,WOMEN SHORT PROGRAM,Linnea CEDER,FIN,12,12,54.82,28.88,25.94,0.0
69a20176c2,ec2025_protocol,WOMEN SHORT PROGRAM,Mariia SENIUK,ISR,13,22,53.86,27.37,26.49,0.0
a8cbf8228f,ec2025_protocol,WOMEN SHORT PROGRAM,Alexandra FEIGIN,BUL,14,21,53.32,27.86,25.46,0.0
3d10804f4d,ec2025_protocol,WOMEN SHORT PROGRAM,Jogaile AGLINSKYTE,LTU,19,1,50.11,27.09,23.02,0.0
c1e2eb173a,ec2025_protocol,WOMEN SHORT PROGRAM,Julija LOVRENCIC,SLO,20,7,49.4,27.97,21.43,0.0
a2654ce8d0,ec2025_protocol,WOMEN SHORT PROGRAM,Stefanie PESENDORFER,AUT,21,10,48.95,24.76,24.19,0.0
029164e635,ec2025_protocol,WOMEN SHORT PROGRAM,Vanesa SELMEKOVA,SVK,22,11,48.94,25.8,23.14,0.0
e90a17b407,ec2025_protocol,WOMEN SHORT PROGRAM,Anastasija KONGA,LAT,23,6,47.79,26.45,21.34,0.0
e2c1dd27d0,ec2025_protocol,WOMEN SHORT PROGRAM,Michaela VRASTAKOVA,CZE,24,2,47.76,26.48,21.28,0.0
a98ec14287,ec2025_protocol,WOMEN SHORT PROGRAM,Antonina DUBININA,SRB,25,9,44.36,22.56,21.8,0.0
36a06139f9,ec2025_protocol,WOMEN SHORT PROGRAM,Anastasia GOZHVA,UKR,27,16,42.21,19.45,22.76,0.0
dbe28d6c8a,ec2025_protocol,WOMEN SHORT PROGRAM,Kristina ISAEV,GER,28,14,40.65,17.06,23.59,0.0
9091f94043,ec2025_protocol,WOMEN SHORT PROGRAM,Katinka Anna ZSEMBERY,HUN,29,5,40.59,18.37,22.22,0.0
8e9191af74,ec2025_protocol,WOMEN FREE SKATING,Anastasiia GUBANOVA,GEO,2,24,129.62,64.69,64.93,0.0
747026b759,ec2025_protocol,WOMEN FREE SKATING,Nina PINZARRONE,BEL,3,21,124.64,61.04,63.6,0.0
66149b6988,ec2025_protocol,WOMEN FREE SKATING,Anna PEZZETTA,ITA,4,19,123.46,63.09,60.37,0.0
6ad178895f,ec2025_protocol,WOMEN FREE SKATING,Lara Naki GUTMANN,ITA,6,20,117.72,55.93,61.79,0.0
4dd31f587f,ec2025_protocol,WOMEN FREE SKATING,Lea SERNA,FRA,7,8,113.37,57.22,56.15,0.0
996c1fd7e0,ec2025_protocol,WOMEN FREE SKATING,Mia RISA GOMEZ,NOR,8,9,110.99,59.59,51.4,0.0
e1fe08224d,ec2025_protocol,WOMEN FREE SKATING,Kristen SPOURS,GBR,9,15,110.82,56.85,53.97,0.0
a14a1c4fc5,ec2025_protocol,WOMEN FREE SKATING,Julia SAUTER,ROU,10,17,110.68,55.95,54.73,0.0
3faee92037,ec2025_protocol,WOMEN FREE SKATING,Alexandra FEIGIN,BUL,12,11,105.94,56.25,49.69,0.0
8e43a3de00,ec2025_protocol,WOMEN FREE SKATING,Linnea CEDER,FIN,15,13,101.19,48.05,53.14,0.0
94d89dd8f6,ec2025_protocol,WOMEN FREE SKATING,Jade HOVINE,BEL,16,14,98.27,47.46,50.81,0.0
de665278ef,ec2025_protocol,WOMEN FREE SKATING,Josefin TALJEGARD,SWE,17,10,96.55,41.15,55.4,0.0
d45e3a144d,ec2025_protocol,WOMEN FREE SKATING,Michaela VRASTAKOVA,CZE,19,1,88.08,46.78,41.3,0.0
54f8481f89,ec2025_protocol,WOMEN FREE SKATING,Anastasija KONGA,LAT,21,2,85.98,44.7,41.28,0.0
e5b919f735,ec2025_protocol,ICE DANCE RHYTHM DANCE,Charlene GUIGNARD / Marco FABBRI,ITA,1,30,84.23,47.38,36.85,0.0
9751b61786,ec2025_protocol,ICE DANCE RHYTHM DANCE,Evgeniia LOPAREVA / Geoffrey BRISSAUD,FRA,2,29,82.75,47.03,35.72,0.0
4d43be6772,ec2025_protocol,ICE DANCE RHYTHM DANCE,Lilah FEAR / Lewis GIBSON,GBR,3,28,81.57,45.51,36.06,0.0
f7d6dd720a,ec2025_protocol,ICE DANCE RHYTHM DANCE,Juulia TURKKILA / Matthias VERSLUIS,FIN,4,26,81.26,46.21,35.05,0.0
7a33250f46,ec2025_protocol,ICE DANCE RHYTHM DANCE,Allison REED / Saulius AMBRULEVICIUS,LTU,5,27,78.67,43.85,34.82,0.0
67dc331eca,ec2025_protocol,ICE DANCE RHYTHM DANCE,Loicia DEMOUGEOT / Theo le MERCIER,FRA,6,25,76.14,43.31,32.83,0.0
0184cf0ec3,ec2025_protocol,ICE DANCE RHYTHM DANCE,Olivia SMART / Tim DIECK,ESP,7,21,76.13,43.21,32.92,0.0
ee96a9c6c6,ec2025_protocol,ICE DANCE RHYTHM DANCE,Yuka ORIHARA / Juho PIRINEN,FIN,8,22,75.7,43.32,32.38,0.0
330f7b3f7b,ec2025_protocol,ICE DANCE RHYTHM DANCE,Jennifer JANSE van RENSBURG / Benjamin STEFFAN,GER,9,20,75.45,43.42,32.03,0.0
15bbd55473,ec2025_protocol,ICE DANCE RHYTHM DANCE,Diana DAVIS / Gleb SMOLKIN,GEO,10,19,73.82,41.32,32.5,0.0
b753c7b9bd,ec2025_protocol,ICE DANCE RHYTHM DANCE,Natalie TASCHLEROVA / Filip TASCHLER,CZE,11,24,73.44,40.28,33.16,0.0
6812d87476,ec2025_protocol,ICE DANCE RHYTHM DANCE,Katerina MRAZKOVA / Daniel MRAZEK,CZE,12,23,70.26,38.53,31.73,0.0
c281a264c2,ec2025_protocol,ICE DANCE RHYTHM DANCE,Phebe BEKKER / James HERNANDEZ,GBR,13,17,68.13,37.97,30.16,0.0
8793ea7732,ec2025_protocol,ICE DANCE RHYTHM DANCE,Mariia IGNATEVA / Danijil Leonyidovics SZEMKO,HUN,14,12,67.1,37.54,29.56,0.0
99173775cb,ec2025_protocol,ICE DANCE RHYTHM DANCE,Natacha LAGOUGE / Arnaud CAFFA,FRA,15,11,65.6,37.25,28.35,0.0
8fedd6c017,ec2025_protocol,ICE DANCE RHYTHM DANCE,Victoria MANNI / Carlo ROETHLISBERGER,ITA,16,14,65.46,36.95,28.51,0.0
12c8f3d87f,ec2025_protocol,ICE DANCE RHYTHM DANCE,Milla Ruud REITAN / Nikolaj MAJOROV,SWE,17,8,62.19,34.78,27.41,0.0
c3d3fd998a,ec2025_protocol,ICE DANCE RHYTHM DANCE,Paulina RAMANAUSKAITE / Deividas KIZALA,LTU,18,10,61.56,34.74,26.82,0.0
54b0dea3d3,ec2025_protocol,ICE DANCE RHYTHM DANCE,Carolane SOUCISSE / Shane FIRUS,IRL,19,15,61.56,33.57,27.99,0.0
e91595ae00,ec2025_protocol,ICE DANCE RHYTHM DANCE,Mariia PINCHUK / Mykyta POGORIELOV,UKR,20,18,60.69,31.89,28.8,0.0
db4129548b,ec2025_protocol,ICE DANCE RHYTHM DANCE,Angelina KUDRYAVTSEVA / Ilia KARANKEVICH,CYP,21,6,59.38,33.36,26.02,0.0
31d445cf64,ec2025_protocol,ICE DANCE RHYTHM DANCE,Sofiia DOVHAL / Wiktor KULESZA,POL,24,9,52.52,27.47,25.05,0.0
4048f2d03e,ec2025_protocol,ICE DANCE RHYTHM DANCE,Samantha RITTER / Daniel BRYKALOV,AZE,25,1,51.56,29.32,22.24,0.0
da1e0c2eb0,ec2025_protocol,ICE DANCE RHYTHM DANCE,Emilia Monika ZIOBROWSKA / Shiloh Douglas JUDD,ROU,26,3,49.37,27.7,21.67,0.0
65ce81f3e1,ec2025_protocol,ICE DANCE RHYTHM DANCE,Katarina DELCAMP / Berk AKALIN,TUR,27,5,48.92,26.7,22.22,0.0
81e8e94d2f,ec2025_protocol,ICE DANCE RHYTHM DANCE,Hanna JAKUCS / Alessio GALLI,NED,28,4,48.76,25.43,23.33,0.0
f2e52620b9,ec2025_protocol,ICE DANCE RHYTHM DANCE,Kristina DOBROSERDOVA / Alessandro PELLEGRINI,ARM,29,2,48.3,25.56,22.74,0.0
106bfc9951,ec2025_protocol,ICE DANCE FREE DANCE,Charlene GUIGNARD / Marco FABBRI,ITA,1,20,127.89,71.47,56.42,0.0
571753189b,ec2025_protocol,ICE DANCE FREE DANCE,Lilah FEAR / Lewis GIBSON,GBR,2,18,124.45,69.61,54.84,0.0
78102dfa2a,ec2025_protocol,ICE DANCE FREE DANCE,Juulia TURKKILA / Matthias VERSLUIS,FIN,3,17,124.43,69.57,54.86,0.0
11ae749452,ec2025_protocol,ICE DANCE FREE DANCE,Evgeniia LOPAREVA / Geoffrey BRISSAUD,FRA,4,19,124.01,69.43,54.58,0.0
e1d12a6d42,ec2025_protocol,ICE DANCE FREE DANCE,Olivia SMART / Tim DIECK,ESP,5,14,122.85,69.79,53.06,0.0
395d947bfd,ec2025_protocol,ICE DANCE FREE DANCE,Yuka ORIHARA / Juho PIRINEN,FIN,6,13,118.24,67.6,50.64,0.0
6f67e54fd8,ec2025_protocol,ICE DANCE FREE DANCE,Allison REED / Saulius AMBRULEVICIUS,LTU,7,16,117.99,65.85,52.14,0.0
11f90d9e87,ec2025_protocol,ICE DANCE FREE DANCE,Diana DAVIS / Gleb SMOLKIN,GEO,8,11,116.33,66.99,49.34,0.0
cc0ed4a3ce,ec2025_protocol,ICE DANCE FREE DANCE,Natalie TASCHLEROVA / Filip TASCHLER,CZE,9,10,115.05,65.69,49.36,0.0
3e9f69d55b,ec2025_protocol,ICE DANCE FREE DANCE,Loicia DEMOUGEOT / Theo le MERCIER,FRA,10,15,113.87,63.57,50.3,0.0
2f9db1e1a1,ec2025_protocol,ICE DANCE FREE DANCE,Jennifer JANSE van RENSBURG / Benjamin STEFFAN,GER,11,12,111.42,62.94,48.48,0.0
9cfc6cbd0f,ec2025_protocol,ICE DANCE FREE DANCE,Katerina MRAZKOVA / Daniel MRAZEK,CZE,12,9,111.41,63.43,47.98,0.0
140c5ac616,ec2025_protocol,ICE DANCE FREE DANCE,Phebe BEKKER / James HERNANDEZ,GBR,13,8,107.89,61.53,46.36,0.0
abf09db6bf,ec2025_protocol,ICE DANCE FREE DANCE,Victoria MANNI / Carlo ROETHLISBERGER,ITA,15,5,103.68,59.46,44.22,0.0
9b678a68ac,ec2025_protocol,ICE DANCE FREE DANCE,Natacha LAGOUGE / Arnaud CAFFA,FRA,16,6,101.49,57.07,44.42,0.0
5bfedb5b22,ec2025_protocol,ICE DANCE FREE DANCE,Carolane SOUCISSE / Shane FIRUS,IRL,17,2,100.2,58.0,42.2,0.0
eec6a04282,ec2025_protocol,ICE DANCE FREE DANCE,Milla Ruud REITAN / Nikolaj MAJOROV,SWE,18,4,100.05,56.99,43.06,0.0
c2737450f3,ec2025_protocol,ICE DANCE FREE DANCE,Paulina RAMANAUSKAITE / Deividas KIZALA,LTU,19,3,95.5,53.42,42.08,0.0
16f7b366b9,ec2025_protocol,ICE DANCE FREE DANCE,Mariia PINCHUK / Mykyta POGORIELOV,UKR,20,1,95.29,52.93,42.36,0.0
abe4e306c3,ec2025_protocol,MEN SHORT PROGRAM,Adam SIAO HIM FA,FRA,1,34,93.12,49.58,43.54,0.0
6c14164e91,ec2025_protocol,MEN SHORT PROGRAM,Nika EGADZE,GEO,2,29,91.94,53.17,38.77,0.0
a683aa4297,ec2025_protocol,MEN SHORT PROGRAM,Vladimir SAMOILOV,POL,3,24,85.98,48.63,37.35,0.0
a56a9c3563,ec2025_protocol,MEN SHORT PROGRAM,Matteo RIZZO,ITA,4,32,85.68,44.42,41.26,0.0
001a5932be,ec2025_protocol,MEN SHORT PROGRAM,Nikolaj MEMOLA,ITA,5,28,84.92,46.99,37.93,0.0
635982f069,ec2025_protocol,MEN SHORT PROGRAM,Mihhail SELEVKO,EST,6,19,84.85,45.6,39.25,0.0
c4b3e8fa4b,ec2025_protocol,MEN SHORT PROGRAM,Aleksandr SELEVKO,EST,7,27,84.65,43.46,41.19,0.0
94e1d5852b,ec2025_protocol,MEN SHORT PROGRAM,Lukas BRITSCHGI,SUI,8,33,82.9,41.34,41.56,0.0
9c2301827e,ec2025_protocol,MEN SHORT PROGRAM,Andreas NORDEBACK,SWE,9,22,79.02,42.72,36.3,0.0
4addd6e5c3,ec2025_protocol,MEN SHORT PROGRAM,Vladimir LITVINTSEV,AZE,11,23,77.86,42.91,34.95,0.0
d7bcb35dea,ec2025_protocol,MEN SHORT PROGRAM,Deniss VASILJEVS,LAT,12,31,77.82,36.92,40.9,0.0
cf0a92525c,ec2025_protocol,MEN SHORT PROGRAM,Adam HAGARA,SVK,13,25,77.06,41.23,35.83,0.0
743a2a2b17,ec2025_protocol,MEN SHORT PROGRAM,Lev VINOKUR,ISR,14,11,76.35,42.83,33.52,0.0
bf262c75f1,ec2025_protocol,MEN SHORT PROGRAM,Fedir KULISH,LAT,15,15,74.48,42.05,32.43,0.0
6850fc8c19,ec2025_protocol,MEN SHORT PROGRAM,Edward APPLEBY,GBR,16,17,72.45,38.74,33.71,0.0
11902626e0,ec2025_protocol,MEN SHORT PROGRAM,Ivan SHMURATKO,UKR,17,18,71.53,36.69,34.84,0.0
1ecd0dce18,ec2025_protocol,MEN SHORT PROGRAM,Semen DANILIANTS,ARM,19,9,69.26,37.42,31.84,0.0
4ae5aa514c,ec2025_protocol,MEN SHORT PROGRAM,Tomas-Llorenc GUARINO SABATE,ESP,21,14,67.66,34.97,32.69,0.0
f94f58081a,ec2025_protocol,MEN SHORT PROGRAM,Aleksandr VLASENKO,HUN,22,13,67.25,35.94,31.31,0.0
9e615dd575,ec2025_protocol,MEN SHORT PROGRAM,Kornel WITKOWSKI,POL,23,7,65.21,31.64,33.57,0.0
e62d8e52c6,ec2025_protocol,MEN SHORT PROGRAM,Valtter VIRTANEN,FIN,24,8,65.18,31.82,33.36,0.0
6e8728f695,ec2025_protocol,MEN SHORT PROGRAM,Maurizio ZANDRON,AUT,26,21,63.79,30.91,32.88,0.0
21d8ec5536,ec2025_protocol,MEN SHORT PROGRAM,David SEDEJ,SLO,28,4,59.46,32.09,27.37,0.0
fcb1c6f739,ec2025_protocol,MEN SHORT PROGRAM,Alp Eren OZKAN,TUR,29,3,59.22,30.11,29.11,0.0
92afdadf47,ec2025_protocol,MEN SHORT PROGRAM,Filip SCERBA,CZE,31,1,58.3,28.54,29.76,0.0
ad888bcc29,ec2025_protocol,MEN SHORT PROGRAM,Daniel KORABELNIK,LTU,33,2,53.02,27.39,25.63,0.0
bb806bd1be,ec2025_protocol,MEN FREE SKATING,Lukas BRITSCHGI,SUI,1,17,184.19,98.31,85.88,0.0
4aea42adbc,ec2025_protocol,MEN FREE SKATING,Nikolaj MEMOLA,ITA,2,20,177.69,97.41,80.28,0.0
5855dbf3d7,ec2025_protocol,MEN FREE SKATING,Deniss VASILJEVS,LAT,4,13,161.88,77.99,83.89,0.0
97435b0678,ec2025_protocol,MEN FREE SKATING,Mihhail SELEVKO,EST,7,19,154.15,73.62,80.53,0.0
43533d6d26,ec2025_protocol,MEN FREE SKATING,Nika EGADZE,GEO,8,23,151.93,75.98,75.95,0.0
b26c7af213,ec2025_protocol,MEN FREE SKATING,Andreas NORDEBACK,SWE,9,16,148.09,72.66,75.43,0.0
883cc5a090,ec2025_protocol,MEN FREE SKATING,Adam HAGARA,SVK,10,12,147.08,76.34,70.74,0.0
e99ba2f859,ec2025_protocol,MEN FREE SKATING,Lev VINOKUR,ISR,12,11,144.69,76.2,68.49,0.0
b4879cd8b4,ec2025_protocol,MEN FREE SKATING,Fedir KULISH,LAT,14,10,139.85,72.89,66.96,0.0
a1e6b924b2,ec2025_protocol,MEN FREE SKATING,Ivan SHMURATKO,UKR,17,8,130.36,62.46,67.9,0.0
5c237c3c97,ec2025_protocol,MEN FREE SKATING,Edward APPLEBY,GBR,21,9,115.39,50.32,65.07,0.0
d894c8dfca,ec2025_protocol,MEN FREE SKATING,Valtter VIRTANEN,FIN,23,1,109.65,46.98,62.67,0.0
f687a317af,fc2025_protocol,PAIRS SHORT PROGRAM,Riku MIURA / Ryuichi KIHARA,JPN,1,11,74.73,39.73,35.0,0.0
a628377764,fc2025_protocol,PAIRS SHORT PROGRAM,Ellie KAM / Danny O'SHEA,USA,2,8,70.32,37.88,32.44,0.0
0339fde861,fc2025_protocol,PAIRS SHORT PROGRAM,Lia PEREIRA / Trennt MICHAUD,CAN,3,9,69.79,38.35,31.44,0.0
2f0f308509,fc2025_protocol,PAIRS SHORT PROGRAM,Deanna STELLATO-DUDEK / Maxime DESCHAMPS,CAN,4,10,69.66,36.5,33.16,0.0
c339c784a8,fc2025_protocol,PAIRS SHORT PROGRAM,Alisa EFIMOVA / Misha MITROFANOV,USA,5,4,67.59,37.24,30.35,0.0
3f38111b78,fc2025_protocol,PAIRS SHORT PROGRAM,Anastasia GOLUBEVA / Hektor GIOTOPOULOS MOORE,AUS,6,6,65.36,35.72,29.64,0.0
d26b9d558a,fc2025_protocol,PAIRS SHORT PROGRAM,Kelly Ann LAURIN / Loucas ETHIER,CAN,7,7,62.9,35.06,27.84,0.0
44ea0f9eee,fc2025_protocol,PAIRS SHORT PROGRAM,Ekaterina GEYNISH / Dmitrii CHIGIREV,UZB,8,2,61.94,34.31,27.63,0.0
d0e2731ecf,fc2025_protocol,PAIRS SHORT PROGRAM,Yuna NAGAOKA / Sumitada MORIGUCHI,JPN,9,3,57.29,29.65,27.64,0.0
40fa7f2b14,fc2025_protocol,PAIRS SHORT PROGRAM,Isabella GAMEZ / Aleksandr KOROVIN,PHI,11,5,50.95,25.95,25.0,0.0
c9d8ca80a8,fc2025_protocol,PAIRS FREE SKATING,Riku MIURA / Ryuichi KIHARA,JPN,1,11,142.59,71.46,71.13,0.0
0eaabc0698,fc2025_protocol,PAIRS FREE SKATING,Deanna STELLATO-DUDEK / Maxime DESCHAMPS,CAN,2,8,141.26,72.88,68.38,0.0
3d60ca3339,fc2025_protocol,PAIRS FREE SKATING,Lia PEREIRA / Trennt MICHAUD,CAN,3,9,128.61,63.78,64.83,0.0
8ef28e10f7,fc2025_protocol,PAIRS FREE SKATING,Yuna NAGAOKA / Sumitada MORIGUCHI,JPN,6,3,117.47,60.63,56.84,0.0
89e8d2290a,fc2025_protocol,MEN SHORT PROGRAM,Mikhail SHAIDOROV,KAZ,1,22,94.73,55.78,38.95,0.0
f7122632e1,fc2025_protocol,MEN SHORT PROGRAM,Jimmy MA,USA,2,14,82.52,44.46,38.06,0.0
4fbb8bf137,fc2025_protocol,MEN SHORT PROGRAM,Kazuki TOMONO,JPN,3,19,79.84,39.04,40.8,0.0
7efce217c2,fc2025_protocol,MEN SHORT PROGRAM,Junhwan CHA,KOR,4,23,79.24,37.43,41.81,0.0
ca8237a112,fc2025_protocol,MEN SHORT PROGRAM,Matthew NEWNHAM,CAN,7,3,73.81,39.87,33.94,0.0
b8fcd61a5f,fc2025_protocol,MEN SHORT PROGRAM,Hyungyeom KIM,KOR,8,20,73.62,38.89,34.73,0.0
121cbba524,fc2025_protocol,MEN SHORT PROGRAM,Zhiming PENG,CHN,10,5,70.21,39.73,30.48,0.0
9c59040a6d,fc2025_protocol,MEN SHORT PROGRAM,Donovan CARRILLO,MEX,13,10,68.5,32.97,35.53,0.0
2daf325a54,fc2025_protocol,MEN SHORT PROGRAM,Tomoki HIWATASHI,USA,15,8,65.88,32.17,33.71,0.0
bcde206712,fc2025_protocol,MEN SHORT PROGRAM,Darian KAPTICH,AUS,18,7,56.6,26.47,30.13,0.0
996e2bcc11,fc2025_protocol,MEN SHORT PROGRAM,Chiu Hei CHEUNG,HKG,19,1,54.73,28.48,26.25,0.0
6b6cec0c12,fc2025_protocol,MEN SHORT PROGRAM,Dias JIRENBAYEV,KAZ,20,11,52.97,19.73,33.24,0.0
ae0aba0dc0,fc2025_protocol,MEN FREE SKATING,Mikhail SHAIDOROV,KAZ,1,22,190.37,109.02,81.35,0.0
b1973962be,fc2025_protocol,MEN FREE SKATING,Junhwan CHA,KOR,2,19,185.78,95.27,90.51,0.0
9f28cfce50,fc2025_protocol,MEN FREE SKATING,Kazuki TOMONO,JPN,4,20,162.24,79.69,82.55,0.0
c135b296da,fc2025_protocol,MEN FREE SKATING,Tatsuya TSUBOI,JPN,5,17,156.86,81.71,75.15,0.0
0fba94672a,fc2025_protocol,MEN FREE SKATING,Hyungyeom KIM,KOR,6,15,152.5,82.44,70.06,0.0
47ae55782a,fc2025_protocol,MEN FREE SKATING,Yu-Hsiang LI,TPE,10,6,142.42,77.12,65.3,0.0
19fce32b0b,fc2025_protocol,MEN FREE SKATING,Roman SADOVSKY,CAN,11,14,141.05,65.29,75.76,0.0
a72f19d007,fc2025_protocol,MEN FREE SKATING,Donovan CARRILLO,MEX,12,10,140.23,69.46,70.77,0.0
977b50efe8,fc2025_protocol,MEN FREE SKATING,Matthew NEWNHAM,CAN,14,16,131.53,60.86,70.67,0.0
a438a3585d,fc2025_protocol,MEN FREE SKATING,Darian KAPTICH,AUS,17,5,119.07,58.26,60.81,0.0
35654150e2,fc2025_protocol,MEN FREE SKATING,Dias JIRENBAYEV,KAZ,19,3,113.37,49.5,63.87,0.0
e4d5bcf960,fc2025_protocol,MEN FREE SKATING,Douglas GERBER,AUS,20,2,111.59,57.81,53.78,0.0
1c61d88e69,fc2025_protocol,MEN FREE SKATING,Chiu Hei CHEUNG,HKG,22,4,104.79,52.61,52.18,0.0
a744b803dd,fc2025_protocol,ICE DANCE RHYTHM DANCE,Piper GILLES / Paul POIRIER,CAN,1,14,87.22,49.41,37.81,0.0
adb46f21ba,fc2025_protocol,ICE DANCE RHYTHM DANCE,Madison CHOCK / Evan BATES,USA,2,12,86.21,48.51,37.7,0.0
883869f65b,fc2025_protocol,ICE DANCE RHYTHM DANCE,Marjorie LAJOIE / Zachary LAGHA,CAN,3,13,82.86,47.19,35.67,0.0
8434c90b93,fc2025_protocol,ICE DANCE RHYTHM DANCE,Christina CARREIRA / Anthony PONOMARENKO,USA,4,11,79.3,45.04,34.26,0.0
139c6ee94d,fc2025_protocol,ICE DANCE RHYTHM DANCE,Emilea ZINGAS / Vadym KOLESNIK,USA,5,10,74.63,42.09,32.54,0.0
b2fd5b32d4,fc2025_protocol,ICE DANCE RHYTHM DANCE,Hannah LIM / Ye QUAN,KOR,6,7,72.37,41.08,31.29,0.0
07499c8986,fc2025_protocol,ICE DANCE RHYTHM DANCE,Holly HARRIS / Jason CHAN,AUS,7,8,69.37,39.08,30.29,0.0
cb73eadec0,fc2025_protocol,ICE DANCE RHYTHM DANCE,Utana YOSHIDA / Masaya MORITA,JPN,8,6,65.0,35.63,29.37,0.0
6f1f006580,fc2025_protocol,ICE DANCE RHYTHM DANCE,Zixi XIAO / Linghao HE,CHN,9,2,62.36,35.62,26.74,0.0
f1b502233f,fc2025_protocol,ICE DANCE RHYTHM DANCE,Junfei REN / Jianing XING,CHN,11,3,59.88,33.05,26.83,0.0
3de0305dd3,fc2025_protocol,ICE DANCE RHYTHM DANCE,Gaukhar NAURYZOVA / Boyisangur DATIEV,KAZ,13,5,49.4,26.67,22.73,0.0
36e72613b1,fc2025_protocol,ICE DANCE RHYTHM DANCE,Harlow Lynella STANLEY / Seiji URANO,MEX,14,1,46.71,24.82,21.89,0.0
7f6beb52f0,fc2025_protocol,ICE DANCE FREE DANCE,Madison CHOCK / Evan BATES,USA,1,13,131.72,74.5,57.22,0.0
2324b51871,fc2025_protocol,ICE DANCE FREE DANCE,Piper GILLES / Paul POIRIER,CAN,2,14,131.24,73.96,57.28,0.0
22ec2608ae,fc2025_protocol,ICE DANCE FREE DANCE,Marjorie LAJOIE / Zachary LAGHA,CAN,3,12,118.18,65.24,52.94,0.0
229ff571b9,fc2025_protocol,ICE DANCE FREE DANCE,Christina CARREIRA / Anthony PONOMARENKO,USA,4,11,117.78,65.56,52.22,0.0
2777739577,fc2025_protocol,ICE DANCE FREE DANCE,Emilea ZINGAS / Vadym KOLESNIK,USA,5,10,113.92,63.78,50.14,0.0
1a7395d38f,fc2025_protocol,ICE DANCE FREE DANCE,Hannah LIM / Ye QUAN,KOR,6,9,111.65,63.09,48.56,0.0
0c8cf2ce6e,fc2025_protocol,ICE DANCE FREE DANCE,Holly HARRIS / Jason CHAN,AUS,7,8,108.75,61.83,46.92,0.0
d1feb9ca91,fc2025_protocol,ICE DANCE FREE DANCE,Alicia FABBRI / Paul AYER,CAN,8,5,106.43,60.15,46.28,0.0
6bbc1616e3,fc2025_protocol,ICE DANCE FREE DANCE,Utana YOSHIDA / Masaya MORITA,JPN,9,7,101.56,57.42,44.14,0.0
cce1307024,fc2025_protocol,ICE DANCE FREE DANCE,Azusa TANAKA / Shingo NISHIYAMA,JPN,10,3,96.55,54.41,42.14,0.0
34499fdc83,fc2025_protocol,ICE DANCE FREE DANCE,Junfei REN / Jianing XING,CHN,11,4,95.37,53.89,41.48,0.0
6fd6044258,fc2025_protocol,ICE DANCE FREE DANCE,Zixi XIAO / Linghao HE,CHN,12,6,95.07,53.01,42.06,0.0
ffea797f2b,fc2025_protocol,ICE DANCE FREE DANCE,Gaukhar NAURYZOVA / Boyisangur DATIEV,KAZ,13,2,78.17,45.09,33.08,0.0
a96ce3f9a3,fc2025_protocol,ICE DANCE FREE DANCE,Harlow Lynella STANLEY / Seiji URANO,MEX,14,1,75.24,43.46,31.78,0.0
07c3fa5836,fc2025_protocol,WOMEN SHORT PROGRAM,Chaeyeon KIM,KOR,1,20,74.02,40.15,33.87,0.0
941db0dd72,fc2025_protocol,WOMEN SHORT PROGRAM,Mone CHIBA,JPN,2,21,71.2,37.13,34.07,0.0
5a6e0b2b40,fc2025_protocol,WOMEN SHORT PROGRAM,Sarah EVERHARDT,USA,3,16,67.36,36.41,30.95,0.0
1957d00dc8,fc2025_protocol,WOMEN SHORT PROGRAM,Alysa LIU,USA,4,15,67.09,34.59,32.5,0.0
a7d41ba31f,fc2025_protocol,WOMEN SHORT PROGRAM,Bradie TENNELL,USA,5,17,66.58,33.66,32.92,0.0
287ce0f12c,fc2025_protocol,WOMEN SHORT PROGRAM,Ahsun YUN,KOR,6,11,65.57,36.74,28.83,0.0
0336d51f84,fc2025_protocol,WOMEN SHORT PROGRAM,Wakaba HIGUCHI,JPN,7,13,65.1,33.61,31.49,0.0
27e217875a,fc2025_protocol,WOMEN SHORT PROGRAM,Sofia SAMODELKINA,KAZ,8,10,63.98,35.94,28.04,0.0
c5d905e823,fc2025_protocol,WOMEN SHORT PROGRAM,Sara-Maude DUPUIS,CAN,9,12,62.35,33.89,28.46,0.0
4c4f7f9bc3,fc2025_protocol,WOMEN SHORT PROGRAM,Haein LEE,KOR,10,19,60.77,28.94,31.83,0.0
9c1cbdff77,fc2025_protocol,WOMEN SHORT PROGRAM,Madeline SCHIZAS,CAN,11,18,59.7,28.96,30.74,0.0
1ca09533d2,fc2025_protocol,WOMEN SHORT PROGRAM,Xiangyi AN,CHN,12,9,57.63,31.59,26.04,0.0
1bfec7a988,fc2025_protocol,WOMEN SHORT PROGRAM,Rino MATSUIKE,JPN,13,14,55.07,25.24,29.83,0.0
f51bd780b8,fc2025_protocol,WOMEN SHORT PROGRAM,Katherine MEDLAND SPENCE,CAN,14,3,53.02,28.52,24.5,0.0
83e5a9cc86,fc2025_protocol,WOMEN SHORT PROGRAM,Yi ZHU,CHN,15,4,48.38,23.58,24.8,0.0
d8204b11e0,fc2025_protocol,WOMEN SHORT PROGRAM,Tara PRASAD,IND,17,8,47.39,25.31,22.08,0.0
5b80ae5de7,fc2025_protocol,WOMEN SHORT PROGRAM,Gian-Quen ISAACS,RSA,18,2,44.79,22.6,22.19,0.0
3ca7d68799,fc2025_protocol,WOMEN SHORT PROGRAM,Sofiya FARAFONOVA,KAZ,19,7,42.02,19.78,22.24,0.0
d6cab98953,fc2025_protocol,WOMEN FREE SKATING,Chaeyeon KIM,KOR,1,21,148.36,78.27,70.09,0.0
e3c002290f,fc2025_protocol,WOMEN FREE SKATING,Bradie TENNELL,USA,2,17,137.8,70.97,66.83,0.0
88f7aee48b,fc2025_protocol,WOMEN FREE SKATING,Sarah EVERHARDT,USA,3,19,132.67,69.07,63.6,0.0
6f1e00644e,fc2025_protocol,WOMEN FREE SKATING,Alysa LIU,USA,4,18,131.46,65.49,65.97,0.0
144672a904,fc2025_protocol,WOMEN FREE SKATING,Sofia SAMODELKINA,KAZ,6,14,129.39,69.49,59.9,0.0
2989515c7e,fc2025_protocol,WOMEN FREE SKATING,Rino MATSUIKE,JPN,9,9,122.03,60.64,61.39,0.0
489375dfb1,fc2025_protocol,WOMEN FREE SKATING,Ahsun YUN,KOR,10,16,117.11,58.27,58.84,0.0
33fd126a05,fc2025_protocol,WOMEN FREE SKATING,Xiangyi AN,CHN,13,10,106.29,55.0,51.29,0.0
a29a030412,fc2025_protocol,WOMEN FREE SKATING,Tara PRASAD,IND,16,5,95.62,52.42,43.2,0.0
57a1cc40c5,fc2025_protocol,WOMEN FREE SKATING,Hongyi CHEN,CHN,17,6,91.13,45.18,45.95,0.0
8137035708,fc2025_protocol,WOMEN FREE SKATING,Sofia Lexi Jacqueline FRANK,PHI,19,2,73.61,35.85,37.76,0.0
fa48027602,gpcan2024_protocol,PAIRS SHORT PROGRAM,Deanna STELLATO-DUDEK / Maxime DESCHAMPS,CAN,1,8,73.23,39.08,34.15,0.0
e839a39b5f,gpcan2024_protocol,PAIRS SHORT PROGRAM,Annika HOCKE / Robert KUNKEL,GER,2,7,64.82,33.96,30.86,0.0
200834e8f7,gpcan2024_protocol,PAIRS SHORT PROGRAM,Anastasia GOLUBEVA / Hektor GIOTOPOULOS MOORE,AUS,3,6,64.81,35.3,29.51,0.0
435e467672,gpcan2024_protocol,PAIRS SHORT PROGRAM,Ekaterina GEYNISH / Dmitrii CHIGIREV,UZB,4,1,63.53,35.26,28.27,0.0
39fa710730,gpcan2024_protocol,PAIRS SHORT PROGRAM,Emily CHAN / Spencer Akira HOWE,USA,5,3,61.04,31.17,29.87,0.0
68c29205af,gpcan2024_protocol,PAIRS SHORT PROGRAM,Ioulia CHTCHETININA / Michal WOZNIAK,POL,6,2,60.87,33.24,27.63,0.0
cd60ef847e,gpcan2024_protocol,PAIRS SHORT PROGRAM,Daria DANILOVA / Michel TSIBA,NED,7,5,58.78,31.95,26.83,0.0
5584cf7d16,gpcan2024_protocol,PAIRS SHORT PROGRAM,Kelly Ann LAURIN / Loucas ETHIER,CAN,8,4,52.16,25.27,26.89,0.0
94d973a9d1,gpcan2024_protocol,PAIRS FREE SKATING,Ekaterina GEYNISH / Dmitrii CHIGIREV,UZB,1,5,126.12,65.77,60.35,0.0
f40033004c,gpcan2024_protocol,PAIRS FREE SKATING,Emily CHAN / Spencer Akira HOWE,USA,5,4,117.27,58.35,58.92,0.0
4aa8b63c51,gpcan2024_protocol,PAIRS FREE SKATING,Ioulia CHTCHETININA / Michal WOZNIAK,POL,6,3,112.97,57.35,55.62,0.0
4eaeb09877,gpcan2024_protocol,PAIRS FREE SKATING,Daria DANILOVA / Michel TSIBA,NED,7,2,112.24,58.27,53.97,0.0
387b9d1090,gpcan2024_protocol,WOMEN SHORT PROGRAM,Kaori SAKAMOTO,JPN,1,12,74.97,39.12,35.85,0.0
01f2caa774,gpcan2024_protocol,WOMEN SHORT PROGRAM,Alysa LIU,USA,2,1,67.68,36.73,30.95,0.0
04f8aaf729,gpcan2024_protocol,WOMEN SHORT PROGRAM,Kimmy REPOND,SUI,3,8,66.94,35.36,31.58,0.0
768bf74754,gpcan2024_protocol,WOMEN SHORT PROGRAM,Hana YOSHIDA,JPN,4,11,65.32,33.72,31.6,0.0
42524fdb3d,gpcan2024_protocol,WOMEN SHORT PROGRAM,Madeline SCHIZAS,CAN,5,9,65.28,35.11,30.17,0.0
620bcae840,gpcan2024_protocol,WOMEN SHORT PROGRAM,Elyce LIN-GRACEY,USA,6,6,58.64,28.7,29.94,0.0
9c7e67b85c,gpcan2024_protocol,WOMEN SHORT PROGRAM,Kaiya RUITER,CAN,7,5,57.66,30.58,27.08,0.0
ce096ef34c,gpcan2024_protocol,WOMEN SHORT PROGRAM,Yelim KIM,KOR,8,7,56.12,27.38,28.74,0.0
5bd04bd8b9,gpcan2024_protocol,WOMEN SHORT PROGRAM,Sara-Maude DUPUIS,CAN,9,3,54.15,26.94,27.21,0.0
e291086e9b,gpcan2024_protocol,WOMEN FREE SKATING,Rino MATSUIKE,JPN,1,3,139.85,74.74,65.11,0.0
36bb48aed4,gpcan2024_protocol,WOMEN FREE SKATING,Madeline SCHIZAS,CAN,4,8,124.76,65.25,59.51,0.0
cf37b2e901,gpcan2024_protocol,WOMEN FREE SKATING,Elyce LIN-GRACEY,USA,6,7,123.73,64.51,59.22,0.0
6a91fc2c92,gpcan2024_protocol,WOMEN FREE SKATING,Alysa LIU,USA,7,11,120.01,59.34,60.67,0.0
72a07d886c,gpcan2024_protocol,WOMEN FREE SKATING,Ekaterina KURAKOVA,POL,8,1,114.76,58.29,56.47,0.0
eaa0d56392,gpcan2024_protocol,WOMEN FREE SKATING,Sara-Maude DUPUIS,CAN,9,4,106.31,53.01,53.3,0.0
99a5986655,gpcan2024_protocol,MEN SHORT PROGRAM,Ilia MALININ,USA,1,12,106.22,61.2,45.02,0.0
a3feb5cb2a,gpcan2024_protocol,MEN SHORT PROGRAM,Shun SATO,JPN,2,11,96.52,54.65,41.87,0.0
3f17253e4f,gpcan2024_protocol,MEN SHORT PROGRAM,Sota YAMAMOTO,JPN,3,10,92.16,51.17,40.99,0.0
a3df4854f7,gpcan2024_protocol,MEN SHORT PROGRAM,Junhwan CHA,KOR,4,9,88.38,47.42,40.96,0.0
23fbed34af,gpcan2024_protocol,MEN SHORT PROGRAM,Stephen GOGOLEV,CAN,5,1,82.7,46.21,36.49,0.0
607b32fd86,gpcan2024_protocol,MEN SHORT PROGRAM,Vladimir LITVINTSEV,AZE,6,7,79.11,43.92,35.19,0.0
6e64c58ac6,gpcan2024_protocol,MEN SHORT PROGRAM,Luc ECONOMIDES,FRA,8,4,77.87,39.99,37.88,0.0
9fb7d7903d,gpcan2024_protocol,MEN SHORT PROGRAM,Aleksa RAKIC,CAN,9,2,76.74,40.94,35.8,0.0
ad096589f1,gpcan2024_protocol,MEN SHORT PROGRAM,Mark GORODNITSKY,ISR,11,6,71.79,37.73,34.06,0.0
044fa4fec4,gpcan2024_protocol,MEN SHORT PROGRAM,Roman SADOVSKY,CAN,12,3,63.37,26.63,36.74,0.0
2e78e258b8,gpcan2024_protocol,MEN FREE SKATING,Ilia MALININ,USA,1,12,195.6,107.73,87.87,0.0
ae2b1a2e9c,gpcan2024_protocol,MEN FREE SKATING,Junhwan CHA,KOR,2,9,171.93,87.98,83.95,0.0
c0e1d76fe0,gpcan2024_protocol,MEN FREE SKATING,Aleksa RAKIC,CAN,6,4,145.75,73.55,72.2,0.0
5680c8d4c7,gpcan2024_protocol,MEN FREE SKATING,Mark GORODNITSKY,ISR,8,2,141.62,72.76,68.86,0.0
f71a22d9cf,gpcan2024_protocol,ICE DANCE RHYTHM DANCE,Piper GILLES / Paul POIRIER,CAN,1,10,86.44,49.13,37.31,0.0
ef1f3ff7b3,gpcan2024_protocol,ICE DANCE RHYTHM DANCE,Evgeniia LOPAREVA / Geoffrey BRISSAUD,FRA,3,8,76.76,43.28,33.48,0.0
47f9f7785a,gpcan2024_protocol,ICE DANCE RHYTHM DANCE,Emilea ZINGAS / Vadym KOLESNIK,USA,4,5,75.63,42.55,33.08,0.0
33ee129e56,gpcan2024_protocol,ICE DANCE RHYTHM DANCE,Natalie TASCHLEROVA / Filip TASCHLER,CZE,5,7,74.97,41.83,33.14,0.0
d9310d66c0,gpcan2024_protocol,ICE DANCE RHYTHM DANCE,Oona BROWN / Gage BROWN,USA,6,4,72.18,39.64,32.54,0.0
1da4e2ca77,gpcan2024_protocol,ICE DANCE RHYTHM DANCE,Emily BRATTI / Ian SOMERVILLE,USA,7,3,71.48,40.3,31.18,0.0
680a33a933,gpcan2024_protocol,ICE DANCE RHYTHM DANCE,Hannah LIM / Ye QUAN,KOR,8,6,70.64,39.83,30.81,0.0
207dcb6b80,gpcan2024_protocol,ICE DANCE RHYTHM DANCE,Alicia FABBRI / Paul AYER,CAN,9,1,70.1,39.52,30.58,0.0
75fa99e411,gpcan2024_protocol,ICE DANCE RHYTHM DANCE,Holly HARRIS / Jason CHAN,AUS,10,2,64.11,35.0,29.11,0.0
79e79f0cc9,gpcan2024_protocol,ICE DANCE FREE DANCE,Piper GILLES / Paul POIRIER,CAN,1,10,128.4,72.06,56.34,0.0
c9dca5b886,gpcan2024_protocol,ICE DANCE FREE DANCE,Marjorie LAJOIE / Zachary LAGHA,CAN,2,9,122.56,69.14,53.42,0.0
2ff84709f3,gpcan2024_protocol,ICE DANCE FREE DANCE,Evgeniia LOPAREVA / Geoffrey BRISSAUD,FRA,3,8,117.49,66.15,51.34,0.0
eba0c12151,gpcan2024_protocol,ICE DANCE FREE DANCE,Natalie TASCHLEROVA / Filip TASCHLER,CZE,4,6,114.63,64.05,50.58,0.0
69ec4d3cbf,gpcan2024_protocol,ICE DANCE FREE DANCE,Emilea ZINGAS / Vadym KOLESNIK,USA,5,7,113.78,62.78,51.0,0.0
f77911d84a,gpcan2024_protocol,ICE DANCE FREE DANCE,Oona BROWN / Gage BROWN,USA,6,5,106.96,59.04,47.92,0.0
837a55322a,gpcan2024_protocol,ICE DANCE FREE DANCE,Hannah LIM / Ye QUAN,KOR,7,3,106.45,59.69,46.76,0.0
3155ed3111,gpcan2024_protocol,ICE DANCE FREE DANCE,Alicia FABBRI / Paul AYER,CAN,8,2,104.35,59.19,45.16,0.0
67736e811a,gpcan2024_protocol,ICE DANCE FREE DANCE,Holly HARRIS / Jason CHAN,AUS,10,1,99.4,55.06,44.34,0.0
674e96b6e4,gpchn2024_protocol,ICE DANCE RHYTHM DANCE,Charlene GUIGNARD / Marco FABBRI,ITA,1,10,84.84,47.87,36.97,0.0
e890d9d4da,gpchn2024_protocol,ICE DANCE RHYTHM DANCE,Marjorie LAJOIE / Zachary LAGHA,CAN,2,8,81.53,46.1,35.43,0.0
9e167420ae,gpchn2024_protocol,ICE DANCE RHYTHM DANCE,Christina CARREIRA / Anthony PONOMARENKO,USA,3,9,79.22,44.74,34.48,0.0
aa8f2a34c3,gpchn2024_protocol,ICE DANCE RHYTHM DANCE,Juulia TURKKILA / Matthias VERSLUIS,FIN,4,7,77.8,43.6,34.2,0.0
c74f7c0149,gpchn2024_protocol,ICE DANCE RHYTHM DANCE,Olivia SMART / Tim DIECK,ESP,5,4,75.96,42.13,33.83,0.0
cb4197b6ff,gpchn2024_protocol,ICE DANCE RHYTHM DANCE,Caroline GREEN / Michael PARSONS,USA,6,5,75.63,41.67,33.96,0.0
5ab77d4503,gpchn2024_protocol,ICE DANCE RHYTHM DANCE,Loicia DEMOUGEOT / Theo le MERCIER,FRA,7,6,73.5,41.05,32.45,0.0
d313ffb159,gpchn2024_protocol,ICE DANCE RHYTHM DANCE,Diana DAVIS / Gleb SMOLKIN,GEO,8,3,70.53,38.28,32.25,0.0
09475a6164,gpchn2024_protocol,ICE DANCE RHYTHM DANCE,Junfei REN / Jianing XING,CHN,9,1,61.64,35.47,26.17,0.0
b5a36d9a3a,gpchn2024_protocol,ICE DANCE RHYTHM DANCE,Zixi XIAO / Linghao HE,CHN,10,2,59.96,33.73,26.23,0.0
9e241231c7,gpchn2024_protocol,ICE DANCE FREE DANCE,Charlene GUIGNARD / Marco FABBRI,ITA,1,10,124.29,68.51,55.78,0.0
e87073077a,gpchn2024_protocol,ICE DANCE FREE DANCE,Marjorie LAJOIE / Zachary LAGHA,CAN,2,9,123.63,69.49,54.14,0.0
185e325525,gpchn2024_protocol,ICE DANCE FREE DANCE,Olivia SMART / Tim DIECK,ESP,3,6,120.56,67.36,53.2,0.0
e7dedaf481,gpchn2024_protocol,ICE DANCE FREE DANCE,Christina CARREIRA / Anthony PONOMARENKO,USA,4,8,118.96,66.52,52.44,0.0
41654d6a03,gpchn2024_protocol,ICE DANCE FREE DANCE,Juulia TURKKILA / Matthias VERSLUIS,FIN,5,7,114.77,62.63,52.14,0.0
eec27cd997,gpchn2024_protocol,ICE DANCE FREE DANCE,Caroline GREEN / Michael PARSONS,USA,6,5,114.23,63.03,51.2,0.0
2114abfecb,gpchn2024_protocol,ICE DANCE FREE DANCE,Diana DAVIS / Gleb SMOLKIN,GEO,7,3,111.79,61.63,50.16,0.0
e58e098bb9,gpchn2024_protocol,ICE DANCE FREE DANCE,Loicia DEMOUGEOT / Theo le MERCIER,FRA,8,4,111.73,62.01,49.72,0.0
39a2ee7a3d,gpchn2024_protocol,ICE DANCE FREE DANCE,Junfei REN / Jianing XING,CHN,9,2,94.87,53.71,41.16,0.0
83e61f0d45,gpchn2024_protocol,WOMEN SHORT PROGRAM,Mone CHIBA,JPN,1,8,70.86,37.59,33.27,0.0
c7174c50a0,gpchn2024_protocol,WOMEN SHORT PROGRAM,Amber GLENN,USA,2,9,70.84,37.77,33.07,0.0
d00d68b5dc,gpchn2024_protocol,WOMEN SHORT PROGRAM,Rion SUMIYOSHI,JPN,3,5,70.48,38.89,31.59,0.0
8080659d84,gpchn2024_protocol,WOMEN SHORT PROGRAM,Chaeyeon KIM,KOR,4,12,69.27,36.78,32.49,0.0
b3fe641279,gpchn2024_protocol,WOMEN SHORT PROGRAM,Rinka WATANABE,JPN,5,10,69.08,36.16,32.92,0.0
7993a51a0e,gpchn2024_protocol,WOMEN SHORT PROGRAM,Kimmy REPOND,SUI,6,7,67.71,35.84,31.87,0.0
c37d85bf39,gpchn2024_protocol,WOMEN SHORT PROGRAM,Minchae KIM,KOR,7,3,62.94,33.97,28.97,0.0
2df19ebc25,gpchn2024_protocol,WOMEN SHORT PROGRAM,Madeline SCHIZAS,CAN,8,6,61.1,30.66,30.44,0.0
610345c6df,gpchn2024_protocol,WOMEN SHORT PROGRAM,Xiangyi AN,CHN,9,4,60.1,32.78,27.32,0.0
d4b8777ac5,gpchn2024_protocol,WOMEN SHORT PROGRAM,Yi ZHU,CHN,10,1,58.36,30.82,27.54,0.0
c1d3c6e12b,gpchn2024_protocol,WOMEN FREE SKATING,Amber GLENN,USA,1,11,144.7,76.03,68.67,0.0
5c19fbad62,gpchn2024_protocol,WOMEN FREE SKATING,Chaeyeon KIM,KOR,3,9,139.2,72.16,67.04,0.0
74a9d35ac5,gpchn2024_protocol,WOMEN FREE SKATING,Kimmy REPOND,SUI,5,7,128.2,65.72,62.48,0.0
05c94c792b,gpchn2024_protocol,WOMEN FREE SKATING,Anastasiia GUBANOVA,GEO,7,2,125.23,65.74,59.49,0.0
e09ed2ed88,gpchn2024_protocol,WOMEN FREE SKATING,Madeline SCHIZAS,CAN,8,5,119.67,59.51,60.16,0.0
d39c2bc31f,gpchn2024_protocol,WOMEN FREE SKATING,Xiangyi AN,CHN,10,4,103.64,51.28,52.36,0.0
8aaded0102,gpchn2024_protocol,MEN SHORT PROGRAM,Mikhail SHAIDOROV,KAZ,2,8,93.21,54.5,38.71,0.0
9c4d87c22a,gpchn2024_protocol,MEN SHORT PROGRAM,Nika EGADZE,GEO,4,9,87.73,48.95,38.78,0.0
f5b90878f4,gpchn2024_protocol,MEN SHORT PROGRAM,Matteo RIZZO,ITA,5,10,84.92,44.42,40.5,0.0
6a86a7388f,gpchn2024_protocol,MEN SHORT PROGRAM,Boyang JIN,CHN,6,5,83.66,45.31,38.35,0.0
af59c51614,gpchn2024_protocol,MEN SHORT PROGRAM,Daiwei DAI,CHN,7,1,82.96,46.94,36.02,0.0
cd1924cc58,gpchn2024_protocol,MEN SHORT PROGRAM,Yudong CHEN,CHN,8,2,77.73,42.73,35.0,0.0
d8abb67fc5,gpchn2024_protocol,MEN SHORT PROGRAM,Deniss VASILJEVS,LAT,9,6,75.75,36.04,39.71,0.0
c7fac1c84b,gpchn2024_protocol,MEN SHORT PROGRAM,Nikolaj MEMOLA,ITA,10,7,68.87,32.37,36.5,0.0
159ceeb3b4,gpchn2024_protocol,MEN SHORT PROGRAM,Hyungyeom KIM,KOR,11,4,67.76,34.52,33.24,0.0
f1c0b32a9d,gpchn2024_protocol,MEN FREE SKATING,Shun SATO,JPN,2,11,179.73,96.84,82.89,0.0
9b5df133aa,gpchn2024_protocol,MEN FREE SKATING,Adam SIAO HIM FA,FRA,3,9,161.31,79.49,81.82,0.0
9d55e6bae3,gpchn2024_protocol,MEN FREE SKATING,Deniss VASILJEVS,LAT,5,3,158.92,75.53,83.39,0.0
075dfc500e,gpchn2024_protocol,MEN FREE SKATING,Hyungyeom KIM,KOR,8,1,148.88,82.98,65.9,0.0
f2989f2684,gpchn2024_protocol,MEN FREE SKATING,Boyang JIN,CHN,9,6,148.23,75.66,72.57,0.0
558cb4dd52,gpchn2024_protocol,PAIRS SHORT PROGRAM,Sara CONTI / Niccolo MACII,ITA,1,8,72.43,39.27,33.16,0.0
cd89ac890f,gpchn2024_protocol,PAIRS SHORT PROGRAM,Lia PEREIRA / Trennt MICHAUD,CAN,3,6,66.9,36.17,30.73,0.0
ea2ff5e6be,gpchn2024_protocol,PAIRS SHORT PROGRAM,Ioulia CHTCHETININA / Michal WOZNIAK,POL,4,4,61.11,32.9,28.21,0.0
b833c67ef7,gpchn2024_protocol,PAIRS SHORT PROGRAM,Yuchen WANG / Lei ZHU,CHN,5,2,55.14,29.69,25.45,0.0
b660ad02cc,gpchn2024_protocol,PAIRS FREE SKATING,Minerva Fabienne HASE / Nikita VOLODIN,GER,1,7,140.92,73.8,67.12,0.0
f28285ed60,gpchn2024_protocol,PAIRS FREE SKATING,Sara CONTI / Niccolo MACII,ITA,2,8,138.62,71.69,66.93,0.0
6682ebdb96,gpchn2024_protocol,PAIRS FREE SKATING,Katie McBEATH / Daniil PARKMAN,USA,4,1,117.25,62.99,54.26,0.0
8357f4cf5f,gpchn2024_protocol,PAIRS FREE SKATING,Ioulia CHTCHETININA / Michal WOZNIAK,POL,5,5,115.93,57.68,58.25,0.0
70ead07ad2,gpchn2024_protocol,PAIRS FREE SKATING,Yuchen WANG / Lei ZHU,CHN,8,4,81.76,36.66,45.1,0.0
792e8650ca,gpf2024_protocol,JUNIOR WOMEN SHORT PROGRAM,Mao SHIMADA,JPN,1,6,73.72,42.0,31.72,0.0
0b4d3f269c,gpf2024_protocol,JUNIOR WOMEN SHORT PROGRAM,Kaoruko WADA,JPN,2,4,67.77,38.09,29.68,0.0
fa40891de4,gpf2024_protocol,JUNIOR WOMEN SHORT PROGRAM,Ami NAKAI,JPN,3,5,67.26,36.86,30.4,0.0
6a48b169ba,gpf2024_protocol,JUNIOR WOMEN SHORT PROGRAM,Yihan WANG,CHN,4,2,64.52,37.26,27.26,0.0
54a6008cd0,gpf2024_protocol,JUNIOR WOMEN SHORT PROGRAM,Yuseong KIM,KOR,5,3,64.42,35.38,29.04,0.0
5738bf2b27,gpf2024_protocol,JUNIOR WOMEN SHORT PROGRAM,Stefania GLADKI,FRA,6,1,62.31,35.14,27.17,0.0
aa1fbc4818,gpf2024_protocol,JUNIOR WOMEN FREE SKATING,Kaoruko WADA,JPN,2,5,123.98,62.94,61.04,0.0
782b6069af,gpf2024_protocol,JUNIOR WOMEN FREE SKATING,Yihan WANG,CHN,3,3,123.38,68.72,54.66,0.0
ca591f9d18,gpf2024_protocol,JUNIOR WOMEN FREE SKATING,Ami NAKAI,JPN,4,4,122.32,62.6,59.72,0.0
23525695aa,gpf2024_protocol,PAIRS SHORT PROGRAM,Minerva Fabienne HASE / Nikita VOLODIN,GER,1,5,76.72,42.24,34.48,0.0
8f0eba7feb,gpf2024_protocol,PAIRS SHORT PROGRAM,Riku MIURA / Ryuichi KIHARA,JPN,2,6,76.27,40.78,35.49,0.0
9c18af2a65,gpf2024_protocol,PAIRS SHORT PROGRAM,Anastasiia METELKINA / Luka BERULAVA,GEO,3,3,72.26,40.24,32.02,0.0
b0fd921466,gpf2024_protocol,PAIRS SHORT PROGRAM,Sara CONTI / Niccolo MACII,ITA,4,4,70.49,37.13,33.36,0.0
be4a3a3bc6,gpf2024_protocol,PAIRS SHORT PROGRAM,Ellie KAM / Danny O'SHEA,USA,5,2,68.91,36.7,32.21,0.0
027a9d9ad9,gpf2024_protocol,PAIRS SHORT PROGRAM,Rebecca GHILARDI / Filippo AMBROSINI,ITA,6,1,65.8,34.97,30.83,0.0
67ddf88f45,gpf2024_protocol,PAIRS FREE SKATING,Minerva Fabienne HASE / Nikita VOLODIN,GER,1,6,141.38,71.85,69.53,0.0
24cb2796c3,gpf2024_protocol,PAIRS FREE SKATING,Anastasiia METELKINA / Luka BERULAVA,GEO,2,4,133.52,68.59,64.93,0.0
3da58c8774,gpf2024_protocol,PAIRS FREE SKATING,Rebecca GHILARDI / Filippo AMBROSINI,ITA,6,1,115.72,56.51,59.21,0.0
852bc577df,gpf2024_protocol,WOMEN SHORT PROGRAM,Amber GLENN,USA,1,5,70.04,37.02,33.02,0.0
ea480cabe6,gpf2024_protocol,WOMEN SHORT PROGRAM,Mone CHIBA,JPN,2,2,69.33,36.66,32.67,0.0
7b05a76ec7,gpf2024_protocol,WOMEN SHORT PROGRAM,Hana YOSHIDA,JPN,3,3,64.23,32.21,32.02,0.0
55f9af8e03,gpf2024_protocol,WOMEN FREE SKATING,Amber GLENN,USA,1,6,142.03,72.79,69.24,0.0
ce2c1434dd,gpf2024_protocol,WOMEN FREE SKATING,Mone CHIBA,JPN,2,5,139.52,71.62,67.9,0.0
d32073dc7f,gpf2024_protocol,WOMEN FREE SKATING,Kaori SAKAMOTO,JPN,3,3,137.15,66.1,71.05,0.0
7fcb96209e,gpf2024_protocol,WOMEN FREE SKATING,Wakaba HIGUCHI,JPN,4,1,134.35,68.65,65.7,0.0
464dbb9002,gpf2024_protocol,WOMEN FREE SKATING,Hana YOSHIDA,JPN,5,4,129.79,65.72,64.07,0.0
250f8e7145,gpf2024_protocol,WOMEN FREE SKATING,Rino MATSUIKE,JPN,6,2,126.39,62.12,64.27,0.0
3cd15912d6,gpf2024_protocol,JUNIOR MEN SHORT PROGRAM,Rio NAKATA,JPN,1,5,79.39,40.44,38.95,0.0
80af9d5510,gpf2024_protocol,JUNIOR MEN SHORT PROGRAM,Jacob SANCHEZ,USA,2,6,79.24,39.86,39.38,0.0
2ee58669fc,gpf2024_protocol,JUNIOR MEN SHORT PROGRAM,Sena TAKAHASHI,JPN,6,4,61.83,27.77,34.06,0.0
12313b16d5,gpf2024_protocol,JUNIOR MEN FREE SKATING,Minkyu SEO,KOR,1,2,152.46,77.07,75.39,0.0
f80d3aa646,gpf2024_protocol,JUNIOR MEN FREE SKATING,Jacob SANCHEZ,USA,2,5,148.14,73.55,74.59,0.0
47c350ce42,gpf2024_protocol,JUNIOR MEN FREE SKATING,Sena TAKAHASHI,JPN,3,1,142.57,74.64,67.93,0.0
0b4661b254,gpf2024_protocol,JUNIOR MEN FREE SKATING,Rio NAKATA,JPN,4,6,135.94,61.75,74.19,0.0
3cde882868,gpf2024_protocol,JUNIOR MEN FREE SKATING,Lukas VACLAVIK,SVK,6,4,103.64,43.37,60.27,0.0
80f1ea67f4,gpf2024_protocol,JUNIOR ICE DANCE RHYTHM DANCE,Noemi Maria TALI / Noah LAFORNARA,ITA,1,6,68.66,38.22,30.44,0.0
bc76716f55,gpf2024_protocol,JUNIOR ICE DANCE RHYTHM DANCE,Katarina WOLFKOSTIN / Dimitry TSAREVSKI,USA,2,3,65.57,36.06,29.51,0.0
3c9940a523,gpf2024_protocol,JUNIOR ICE DANCE RHYTHM DANCE,Darya GRIMM / Michail SAVITSKIY,GER,3,2,64.84,35.71,29.13,0.0
eedf8cc9f0,gpf2024_protocol,JUNIOR ICE DANCE RHYTHM DANCE,Celina FRADJI / Jean-Hans FOURNEAUX,FRA,4,4,63.24,34.11,29.13,0.0
75ac3a951b,gpf2024_protocol,JUNIOR ICE DANCE RHYTHM DANCE,Iryna PIDGAINA / Artem KOVAL,UKR,5,5,62.36,33.96,28.4,0.0
2f953a18c1,gpf2024_protocol,JUNIOR ICE DANCE RHYTHM DANCE,Elliana PEAL / Ethan PEAL,USA,6,1,60.19,32.35,27.84,0.0
b61ad7dde9,gpf2024_protocol,JUNIOR ICE DANCE FREE DANCE,Noemi Maria TALI / Noah LAFORNARA,ITA,1,6,101.32,53.76,47.56,0.0
bb46e22b31,gpf2024_protocol,JUNIOR ICE DANCE FREE DANCE,Katarina WOLFKOSTIN / Dimitry TSAREVSKI,USA,2,5,99.41,52.97,46.44,0.0
79ebe3e074,gpf2024_protocol,JUNIOR ICE DANCE FREE DANCE,Darya GRIMM / Michail SAVITSKIY,GER,3,4,97.02,51.5,45.52,0.0
ec208df6ff,gpf2024_protocol,JUNIOR ICE DANCE FREE DANCE,Iryna PIDGAINA / Artem KOVAL,UKR,4,2,89.91,47.07,42.84,0.0
f427cc2900,gpf2024_protocol,JUNIOR ICE DANCE FREE DANCE,Celina FRADJI / Jean-Hans FOURNEAUX,FRA,5,3,88.46,44.62,43.84,0.0
0ffd865723,gpf2024_protocol,JUNIOR ICE DANCE FREE DANCE,Elliana PEAL / Ethan PEAL,USA,6,1,82.89,41.75,41.14,0.0
35a381eb2d,gpf2024_protocol,JUNIOR PAIRS SHORT PROGRAM,Jiaxuan ZHANG / Yihang HUANG,CHN,1,6,62.94,36.15,26.79,0.0
1711385df4,gpf2024_protocol,JUNIOR PAIRS SHORT PROGRAM,Olivia FLORES / Luke WANG,USA,3,4,52.04,27.54,24.5,0.0
f9a40a7777,gpf2024_protocol,JUNIOR PAIRS SHORT PROGRAM,Romane TELEMAQUE / Lucas COULON,FRA,4,3,51.34,27.69,23.65,0.0
b0dbc040da,gpf2024_protocol,JUNIOR PAIRS SHORT PROGRAM,Sae SHIMIZU / Lucas Tsuyoshi HONDA,JPN,5,1,50.2,26.58,23.62,0.0
4ed0c2d65f,gpf2024_protocol,JUNIOR PAIRS SHORT PROGRAM,Julia QUATTROCCHI / Simon DESMARAIS,CAN,6,2,47.7,24.52,23.18,0.0
4af5151748,gpf2024_protocol,JUNIOR PAIRS FREE SKATING,Jiaxuan ZHANG / Yihang HUANG,CHN,1,6,113.15,58.51,54.64,0.0
5aca64dc33,gpf2024_protocol,JUNIOR PAIRS FREE SKATING,Olivia FLORES / Luke WANG,USA,2,4,103.78,50.35,53.43,0.0
78924159e8,gpf2024_protocol,JUNIOR PAIRS FREE SKATING,Sae SHIMIZU / Lucas Tsuyoshi HONDA,JPN,4,2,95.46,46.73,48.73,0.0
7a038f3d4b,gpf2024_protocol,JUNIOR PAIRS FREE SKATING,Romane TELEMAQUE / Lucas COULON,FRA,5,3,95.04,44.12,50.92,0.0
49822ff01d,gpf2024_protocol,JUNIOR PAIRS FREE SKATING,Julia QUATTROCCHI / Simon DESMARAIS,CAN,6,1,91.43,44.26,47.17,0.0
c9d7a80bd6,gpf2024_protocol,ICE DANCE RHYTHM DANCE,Madison CHOCK / Evan BATES,USA,1,5,87.73,49.69,38.04,0.0
f8e950d5eb,gpf2024_protocol,ICE DANCE RHYTHM DANCE,Charlene GUIGNARD / Marco FABBRI,ITA,2,3,83.12,46.3,36.82,0.0
abb7d74846,gpf2024_protocol,ICE DANCE RHYTHM DANCE,Lilah FEAR / Lewis GIBSON,GBR,3,6,82.31,45.64,36.67,0.0
14e619fed2,gpf2024_protocol,ICE DANCE RHYTHM DANCE,Marjorie LAJOIE / Zachary LAGHA,CAN,4,1,77.73,43.76,33.97,0.0
6912b53fdf,gpf2024_protocol,ICE DANCE RHYTHM DANCE,Evgeniia LOPAREVA / Geoffrey BRISSAUD,FRA,5,2,76.98,43.05,33.93,0.0
82a0d8d491,gpf2024_protocol,ICE DANCE FREE DANCE,Madison CHOCK / Evan BATES,USA,1,6,132.12,74.48,57.64,0.0
78922877ba,gpf2024_protocol,ICE DANCE FREE DANCE,Piper GILLES / Paul POIRIER,CAN,2,1,127.12,71.04,56.08,0.0
a04ac54487,gpf2024_protocol,ICE DANCE FREE DANCE,Charlene GUIGNARD / Marco FABBRI,ITA,3,5,122.99,67.11,55.88,0.0
961689e014,gpf2024_protocol,ICE DANCE FREE DANCE,Lilah FEAR / Lewis GIBSON,GBR,4,4,122.87,68.25,54.62,0.0
8db3be8436,gpf2024_protocol,ICE DANCE FREE DANCE,Marjorie LAJOIE / Zachary LAGHA,CAN,5,3,122.11,68.89,53.22,0.0
205d2ab5e9,gpf2024_protocol,ICE DANCE FREE DANCE,Evgeniia LOPAREVA / Geoffrey BRISSAUD,FRA,6,2,118.93,66.49,52.44,0.0
8ef640409e,gpf2024_protocol,MEN SHORT PROGRAM,Ilia MALININ,USA,1,6,105.43,59.07,46.36,0.0
02e1906c92,gpf2024_protocol,MEN FREE SKATING,Yuma KAGIYAMA,JPN,1,5,188.29,97.45,90.84,0.0
eddedd3394,gpf2024_protocol,MEN FREE SKATING,Daniel GRASSL,ITA,4,2,173.2,93.65,79.55,0.0
d70998eaaa,gpf2024_protocol,MEN FREE SKATING,Kevin AYMOZ,FRA,5,1,169.81,83.73,86.08,0.0
b706cf54ac,gpfin2024_protocol,MEN SHORT PROGRAM,Yuma KAGIYAMA,JPN,1,11,103.97,58.35,45.62,0.0
0db2372dea,gpfin2024_protocol,MEN SHORT PROGRAM,Kazuki TOMONO,JPN,2,7,90.78,48.85,41.93,0.0
65c56e267b,gpfin2024_protocol,MEN SHORT PROGRAM,Lukas BRITSCHGI,SUI,5,12,80.44,39.99,40.45,0.0
6123e38e01,gpfin2024_protocol,MEN SHORT PROGRAM,Makar SUNTSEV,FIN,11,1,59.58,25.51,34.07,0.0
fd16629156,gpfin2024_protocol,MEN FREE SKATING,Daniel GRASSL,ITA,1,7,180.64,100.81,79.83,0.0
cf44f76e22,gpfin2024_protocol,MEN FREE SKATING,Lukas BRITSCHGI,SUI,4,8,166.26,84.34,81.92,0.0
a4af10ff23,gpfin2024_protocol,MEN FREE SKATING,Yuma KAGIYAMA,JPN,5,12,159.12,75.73,83.39,0.0
c80e314125,gpfin2024_protocol,MEN FREE SKATING,Vladimir SAMOILOV,POL,8,4,140.01,68.18,71.83,0.0
68ff1d8a2a,gpfin2024_protocol,MEN FREE SKATING,Camden PULKINEN,USA,9,3,130.84,57.81,73.03,0.0
aab2724cba,gpfin2024_protocol,MEN FREE SKATING,Valtter VIRTANEN,FIN,11,1,108.97,45.6,63.37,0.0
cab7b39041,gpfin2024_protocol,WOMEN SHORT PROGRAM,Hana YOSHIDA,JPN,1,12,67.87,36.1,31.77,0.0
a55e09eeb5,gpfin2024_protocol,WOMEN SHORT PROGRAM,Lara Naki GUTMANN,ITA,2,8,67.06,36.14,30.92,0.0
88dc3819bc,gpfin2024_protocol,WOMEN SHORT PROGRAM,Sarah EVERHARDT,USA,3,5,66.28,36.63,29.65,0.0
9021847a3b,gpfin2024_protocol,WOMEN SHORT PROGRAM,Ahsun YUN,KOR,5,1,63.16,35.95,27.21,0.0
ee2cc01785,gpfin2024_protocol,WOMEN SHORT PROGRAM,Mai MIHARA,JPN,6,11,59.56,28.97,30.59,0.0
b5775549a0,gpfin2024_protocol,WOMEN SHORT PROGRAM,Lorine SCHILD,FRA,7,9,59.22,31.28,27.94,0.0
c90e0f306c,gpfin2024_protocol,WOMEN SHORT PROGRAM,Janna JYRKINEN,FIN,9,6,55.3,29.07,26.23,0.0
f4f2d069e2,gpfin2024_protocol,WOMEN SHORT PROGRAM,Olivia LISKO,FIN,10,2,54.68,28.76,25.92,0.0
dcb2a8a377,gpfin2024_protocol,WOMEN SHORT PROGRAM,Niina PETROKINA,EST,11,10,53.76,24.66,29.1,0.0
9b10ab3e2c,gpfin2024_protocol,WOMEN SHORT PROGRAM,Nella PELKONEN,FIN,12,3,52.14,25.82,26.32,0.0
6a1bff2096,gpfin2024_protocol,WOMEN FREE SKATING,Lara Naki GUTMANN,ITA,3,11,131.43,67.76,63.67,0.0
94f6010c1f,gpfin2024_protocol,WOMEN FREE SKATING,Niina PETROKINA,EST,4,2,124.9,64.34,60.56,0.0
fd2454b8ff,gpfin2024_protocol,WOMEN FREE SKATING,Sarah EVERHARDT,USA,5,10,124.89,65.27,59.62,0.0
710a35df32,gpfin2024_protocol,WOMEN FREE SKATING,Ahsun YUN,KOR,6,8,124.52,65.89,58.63,0.0
acd7d76524,gpfin2024_protocol,WOMEN FREE SKATING,Lorine SCHILD,FRA,7,6,123.14,66.14,57.0,0.0
ad4b7bc383,gpfin2024_protocol,WOMEN FREE SKATING,Mai MIHARA,JPN,8,7,115.18,55.4,59.78,0.0
c91d894840,gpfin2024_protocol,WOMEN FREE SKATING,Lindsay THORNGREN,USA,9,5,113.27,56.35,56.92,0.0
6e881e840c,gpfin2024_protocol,WOMEN FREE SKATING,Nella PELKONEN,FIN,10,1,103.08,51.01,52.07,0.0
0000f928b1,gpfin2024_protocol,WOMEN FREE SKATING,Janna JYRKINEN,FIN,11,4,102.14,49.59,52.55,0.0
3df353d69e,gpfin2024_protocol,WOMEN FREE SKATING,Olivia LISKO,FIN,12,3,98.99,47.7,51.29,0.0
43fff2bffe,gpfin2024_protocol,PAIRS SHORT PROGRAM,Deanna STELLATO-DUDEK / Maxime DESCHAMPS,CAN,1,8,75.89,41.7,34.19,0.0
d68ec07b46,gpfin2024_protocol,PAIRS SHORT PROGRAM,Rebecca GHILARDI / Filippo AMBROSINI,ITA,2,7,67.43,35.75,31.68,0.0
18e3cf2dc8,gpfin2024_protocol,PAIRS SHORT PROGRAM,Kelly Ann LAURIN / Loucas ETHIER,CAN,4,4,60.45,32.81,27.64,0.0
9b5834d9f4,gpfin2024_protocol,PAIRS SHORT PROGRAM,Emily CHAN / Spencer Akira HOWE,USA,5,5,58.93,29.52,29.41,0.0
a00de931fb,gpfin2024_protocol,PAIRS SHORT PROGRAM,Yuna NAGAOKA / Sumitada MORIGUCHI,JPN,8,1,51.75,24.95,26.8,0.0
e50b01220f,gpfin2024_protocol,PAIRS FREE SKATING,Maria PAVLOVA / Alexei SVIATCHENKO,HUN,2,6,122.92,63.69,59.23,0.0
51b0ac359c,gpfin2024_protocol,PAIRS FREE SKATING,Yuna NAGAOKA / Sumitada MORIGUCHI,JPN,3,1,120.05,64.27,55.78,0.0
e533c37db7,gpfin2024_protocol,PAIRS FREE SKATING,Kelly Ann LAURIN / Loucas ETHIER,CAN,4,5,118.12,62.61,55.51,0.0
d8b8079103,gpfin2024_protocol,PAIRS FREE SKATING,Emily CHAN / Spencer Akira HOWE,USA,5,4,115.47,57.21,58.26,0.0
b4fbe629f2,gpfin2024_protocol,PAIRS FREE SKATING,Milania VAANANEN / Filippo CLERICI,FIN,7,3,106.4,56.05,50.35,0.0
ec88dc7b07,gpfin2024_protocol,ICE DANCE RHYTHM DANCE,Piper GILLES / Paul POIRIER,CAN,1,9,84.65,47.59,37.06,0.0
fad68c016f,gpfin2024_protocol,ICE DANCE RHYTHM DANCE,Lilah FEAR / Lewis GIBSON,GBR,2,10,82.03,45.99,36.04,0.0
2a14f25bbb,gpfin2024_protocol,ICE DANCE RHYTHM DANCE,Juulia TURKKILA / Matthias VERSLUIS,FIN,3,8,78.31,44.3,34.01,0.0
2c287593c6,gpfin2024_protocol,ICE DANCE RHYTHM DANCE,Natalie TASCHLEROVA / Filip TASCHLER,CZE,4,7,75.5,42.38,33.12,0.0
8996d98ebc,gpfin2024_protocol,ICE DANCE RHYTHM DANCE,Oona BROWN / Gage BROWN,USA,5,3,73.35,41.53,31.82,0.0
b4f1558438,gpfin2024_protocol,ICE DANCE RHYTHM DANCE,Emilea ZINGAS / Vadym KOLESNIK,USA,6,5,72.72,39.99,32.73,0.0
05a3de22a3,gpfin2024_protocol,ICE DANCE RHYTHM DANCE,Eva PATE / Logan BYE,USA,7,2,72.58,41.38,31.2,0.0
5b4849fadc,gpfin2024_protocol,ICE DANCE RHYTHM DANCE,Yuka ORIHARA / Juho PIRINEN,FIN,8,4,72.56,41.21,31.35,0.0
a5c7258965,gpfin2024_protocol,ICE DANCE RHYTHM DANCE,Hannah LIM / Ye QUAN,KOR,9,6,69.0,38.91,30.09,0.0
1272f8e0b8,gpfin2024_protocol,ICE DANCE FREE DANCE,Juulia TURKKILA / Matthias VERSLUIS,FIN,2,8,118.29,65.85,52.44,0.0
905086f9cb,gpfin2024_protocol,ICE DANCE FREE DANCE,Emilea ZINGAS / Vadym KOLESNIK,USA,3,5,116.76,66.68,50.08,0.0
9148eda656,gpfin2024_protocol,ICE DANCE FREE DANCE,Natalie TASCHLEROVA / Filip TASCHLER,CZE,5,7,114.93,64.37,50.56,0.0
4e980e3a19,gpfin2024_protocol,ICE DANCE FREE DANCE,Yuka ORIHARA / Juho PIRINEN,FIN,6,3,111.08,63.16,47.92,0.0
e2f0e62fdd,gpfin2024_protocol,ICE DANCE FREE DANCE,Eva PATE / Logan BYE,USA,7,4,107.77,60.63,47.14,0.0
9ef34b1c31,gpfin2024_protocol,ICE DANCE FREE DANCE,Hannah LIM / Ye QUAN,KOR,8,2,106.36,61.08,45.28,0.0
3f92c40268,gpfin2024_protocol,ICE DANCE FREE DANCE,Oona BROWN / Gage BROWN,USA,9,6,103.22,55.94,47.28,0.0
a60d66856e,gpfra2024_protocol,WOMEN SHORT PROGRAM,Amber GLENN,USA,1,9,78.14,44.35,33.79,0.0
301d276aa8,gpfra2024_protocol,WOMEN SHORT PROGRAM,Chaeyeon KIM,KOR,2,12,70.9,37.96,32.94,0.0
e6b8c6ab23,gpfra2024_protocol,WOMEN SHORT PROGRAM,Wakaba HIGUCHI,JPN,3,2,66.98,34.1,32.88,0.0
51e8af9978,gpfra2024_protocol,WOMEN SHORT PROGRAM,Sarah EVERHARDT,USA,4,3,66.95,36.26,30.69,0.0
f08fcd1fc3,gpfra2024_protocol,WOMEN SHORT PROGRAM,Rion SUMIYOSHI,JPN,5,5,66.88,35.07,31.81,0.0
dee890bfad,gpfra2024_protocol,WOMEN SHORT PROGRAM,Nina PINZARRONE,BEL,6,10,62.72,32.31,30.41,0.0
dd87256298,gpfra2024_protocol,WOMEN SHORT PROGRAM,Mai MIHARA,JPN,7,8,61.12,29.58,31.54,0.0
2d70951f78,gpfra2024_protocol,WOMEN SHORT PROGRAM,Livia KAISER,SUI,8,6,58.35,30.48,27.87,0.0
3ffa3343f1,gpfra2024_protocol,WOMEN SHORT PROGRAM,Lorine SCHILD,FRA,10,7,56.51,28.54,27.97,0.0
57ef4eebb1,gpfra2024_protocol,WOMEN FREE SKATING,Wakaba HIGUCHI,JPN,1,10,139.1,70.53,68.57,0.0
76020921f1,gpfra2024_protocol,WOMEN FREE SKATING,Rion SUMIYOSHI,JPN,2,8,134.47,68.2,66.27,0.0
de259c101f,gpfra2024_protocol,WOMEN FREE SKATING,Sarah EVERHARDT,USA,4,9,129.99,68.01,61.98,0.0
d7f085fa33,gpfra2024_protocol,WOMEN FREE SKATING,Anastasiia GUBANOVA,GEO,7,4,116.44,58.47,57.97,0.0
603eb919a7,gpfra2024_protocol,WOMEN FREE SKATING,Mai MIHARA,JPN,8,6,113.81,53.35,60.46,0.0
49e2cd3c1d,gpfra2024_protocol,WOMEN FREE SKATING,Livia KAISER,SUI,9,5,109.92,56.06,53.86,0.0
5a48972df9,gpfra2024_protocol,MEN SHORT PROGRAM,Boyang JIN,CHN,1,5,88.12,49.35,38.77,0.0
9fe5cb28e1,gpfra2024_protocol,MEN SHORT PROGRAM,Aleksandr SELEVKO,EST,2,6,85.73,44.94,40.79,0.0
dc2fd0650c,gpfra2024_protocol,MEN SHORT PROGRAM,Kazuki TOMONO,JPN,3,8,83.45,42.89,40.56,0.0
3ad5a561fb,gpfra2024_protocol,MEN SHORT PROGRAM,Luc ECONOMIDES,FRA,9,2,69.66,32.69,36.97,0.0
2ec26f9d0e,gpfra2024_protocol,MEN SHORT PROGRAM,Nikolaj MEMOLA,ITA,10,10,68.71,32.14,36.57,0.0
6a8409157f,gpfra2024_protocol,MEN FREE SKATING,Adam SIAO HIM FA,FRA,1,5,171.68,88.69,82.99,0.0
bed418335a,gpfra2024_protocol,MEN FREE SKATING,Nikolaj MEMOLA,ITA,2,3,158.91,83.99,74.92,0.0
5750d2de7a,gpfra2024_protocol,MEN FREE SKATING,Koshiro SHIMADA,JPN,3,8,153.42,75.27,78.15,0.0
2a09d0a2b3,gpfra2024_protocol,MEN FREE SKATING,Andrew TORGASHEV,USA,4,9,152.1,74.91,77.19,0.0
7407187b15,gpfra2024_protocol,MEN FREE SKATING,Mikhail SHAIDOROV,KAZ,5,7,151.97,76.94,75.03,0.0
642a5968f6,gpfra2024_protocol,MEN FREE SKATING,Luc ECONOMIDES,FRA,8,4,135.89,62.76,73.13,0.0
090283e8e3,gpfra2024_protocol,MEN FREE SKATING,Camden PULKINEN,USA,12,2,129.12,59.05,70.07,0.0
3dc98cefdb,gpfra2024_protocol,ICE DANCE RHYTHM DANCE,Charlene GUIGNARD / Marco FABBRI,ITA,1,10,82.2,45.73,36.47,0.0
c5a152314b,gpfra2024_protocol,ICE DANCE RHYTHM DANCE,Allison REED / Saulius AMBRULEVICIUS,LTU,3,8,74.49,41.35,33.14,0.0
a6fac17393,gpfra2024_protocol,ICE DANCE RHYTHM DANCE,Emily BRATTI / Ian SOMERVILLE,USA,4,3,72.81,41.29,31.52,0.0
4032e7c377,gpfra2024_protocol,ICE DANCE RHYTHM DANCE,Marie-Jade LAURIAULT / Romain le GAC,CAN,5,7,72.54,41.01,31.53,0.0
78a7165091,gpfra2024_protocol,ICE DANCE RHYTHM DANCE,Leah NESET / Artem MARKELOV,USA,6,6,71.86,40.54,31.32,0.0
d11c973c7e,gpfra2024_protocol,ICE DANCE RHYTHM DANCE,Katerina MRAZKOVA / Daniel MRAZEK,CZE,7,5,71.54,38.83,32.71,0.0
0f4131e512,gpfra2024_protocol,ICE DANCE RHYTHM DANCE,Eva PATE / Logan BYE,USA,8,4,71.47,40.88,30.59,0.0
c3484615c5,gpfra2024_protocol,ICE DANCE RHYTHM DANCE,Natacha LAGOUGE / Arnaud CAFFA,FRA,9,1,65.89,36.9,28.99,0.0
18f5287cbf,gpfra2024_protocol,ICE DANCE RHYTHM DANCE,Marie DUPAYAGE / Thomas NABAIS,FRA,10,2,64.03,35.25,28.78,0.0
1d2a1486e1,gpfra2024_protocol,ICE DANCE FREE DANCE,Evgeniia LOPAREVA / Geoffrey BRISSAUD,FRA,1,9,117.52,65.6,51.92,0.0
fd46606eee,gpfra2024_protocol,ICE DANCE FREE DANCE,Emily BRATTI / Ian SOMERVILLE,USA,2,7,113.07,63.31,49.76,0.0
12b77a00ce,gpfra2024_protocol,ICE DANCE FREE DANCE,Allison REED / Saulius AMBRULEVICIUS,LTU,4,8,110.75,60.75,50.0,0.0
5f80511ae5,gpfra2024_protocol,ICE DANCE FREE DANCE,Leah NESET / Artem MARKELOV,USA,6,5,104.74,58.22,46.52,0.0
ddcf3217d6,gpfra2024_protocol,ICE DANCE FREE DANCE,Natacha LAGOUGE / Arnaud CAFFA,FRA,7,2,104.1,58.94,45.16,0.0
20e9879c2d,gpfra2024_protocol,ICE DANCE FREE DANCE,Marie-Jade LAURIAULT / Romain le GAC,CAN,8,6,103.31,57.39,45.92,0.0
fbbb0fe061,gpfra2024_protocol,ICE DANCE FREE DANCE,Eva PATE / Logan BYE,USA,9,3,97.29,52.53,44.76,0.0
dc1f87cf17,gpfra2024_protocol,ICE DANCE FREE DANCE,Marie DUPAYAGE / Thomas NABAIS,FRA,10,1,97.17,53.09,44.08,0.0
17b9ddafee,gpfra2024_protocol,PAIRS SHORT PROGRAM,Minerva Fabienne HASE / Nikita VOLODIN,GER,1,6,73.72,40.47,33.25,0.0
51d5b47c43,gpfra2024_protocol,PAIRS SHORT PROGRAM,Sara CONTI / Niccolo MACII,ITA,2,8,70.79,36.74,34.05,0.0
dad94d96a9,gpfra2024_protocol,PAIRS SHORT PROGRAM,Lia PEREIRA / Trennt MICHAUD,CAN,3,5,64.38,33.7,30.68,0.0
55bced20c2,gpfra2024_protocol,PAIRS SHORT PROGRAM,Alisa EFIMOVA / Misha MITROFANOV,USA,4,3,64.08,34.39,29.69,0.0
9464aea61f,gpfra2024_protocol,PAIRS SHORT PROGRAM,Ekaterina GEYNISH / Dmitrii CHIGIREV,UZB,5,2,61.38,33.97,27.41,0.0
766559764e,gpfra2024_protocol,PAIRS SHORT PROGRAM,Camille KOVALEV / Pavel KOVALEV,FRA,7,4,54.81,27.17,27.64,0.0
0797ca9e77,gpfra2024_protocol,PAIRS FREE SKATING,Minerva Fabienne HASE / Nikita VOLODIN,GER,1,8,137.97,69.7,68.27,0.0
0336d46692,gpjpn2024_protocol,ICE DANCE RHYTHM DANCE,Madison CHOCK / Evan BATES,USA,1,10,86.32,49.04,37.28,0.0
cb35e74b66,gpjpn2024_protocol,ICE DANCE RHYTHM DANCE,Christina CARREIRA / Anthony PONOMARENKO,USA,2,8,79.64,45.34,34.3,0.0
61be63f8c9,gpjpn2024_protocol,ICE DANCE RHYTHM DANCE,Allison REED / Saulius AMBRULEVICIUS,LTU,3,9,77.91,44.08,33.83,0.0
4596c8e7e2,gpjpn2024_protocol,ICE DANCE RHYTHM DANCE,Caroline GREEN / Michael PARSONS,USA,4,6,74.38,42.03,32.35,0.0
f61ce08f0c,gpjpn2024_protocol,ICE DANCE RHYTHM DANCE,Loicia DEMOUGEOT / Theo le MERCIER,FRA,5,7,69.24,37.46,31.78,0.0
e23d124688,gpjpn2024_protocol,ICE DANCE RHYTHM DANCE,Jennifer JANSE van RENSBURG / Benjamin STEFFAN,GER,6,4,68.82,38.19,30.63,0.0
0fec6c5c39,gpjpn2024_protocol,ICE DANCE RHYTHM DANCE,Yuka ORIHARA / Juho PIRINEN,FIN,7,5,67.34,36.05,31.29,0.0
63e6fa0862,gpjpn2024_protocol,ICE DANCE RHYTHM DANCE,Marie DUPAYAGE / Thomas NABAIS,FRA,8,3,64.52,35.38,29.14,0.0
423a47db27,gpjpn2024_protocol,ICE DANCE FREE DANCE,Madison CHOCK / Evan BATES,USA,1,10,129.63,72.93,56.7,0.0
1cefaa69ea,gpjpn2024_protocol,ICE DANCE FREE DANCE,Christina CARREIRA / Anthony PONOMARENKO,USA,2,9,119.33,66.99,52.34,0.0
1321db264f,gpjpn2024_protocol,ICE DANCE FREE DANCE,Allison REED / Saulius AMBRULEVICIUS,LTU,3,8,117.61,65.91,51.7,0.0
26b53ba4ce,gpjpn2024_protocol,ICE DANCE FREE DANCE,Caroline GREEN / Michael PARSONS,USA,4,7,114.38,63.54,50.84,0.0
6b67fb5a5f,gpjpn2024_protocol,ICE DANCE FREE DANCE,Loicia DEMOUGEOT / Theo le MERCIER,FRA,5,6,109.06,60.34,48.72,0.0
ff9871799c,gpjpn2024_protocol,ICE DANCE FREE DANCE,Yuka ORIHARA / Juho PIRINEN,FIN,6,4,107.94,60.2,47.74,0.0
2dcde893e7,gpjpn2024_protocol,ICE DANCE FREE DANCE,Jennifer JANSE van RENSBURG / Benjamin STEFFAN,GER,7,5,104.54,56.76,47.78,0.0
3b64921b02,gpjpn2024_protocol,ICE DANCE FREE DANCE,Marie DUPAYAGE / Thomas NABAIS,FRA,8,3,101.28,56.34,44.94,0.0
a29953f404,gpjpn2024_protocol,ICE DANCE FREE DANCE,Azusa TANAKA / Shingo NISHIYAMA,JPN,10,1,92.12,51.18,40.94,0.0
f26ce5f720,gpjpn2024_protocol,PAIRS SHORT PROGRAM,Riku MIURA / Ryuichi KIHARA,JPN,1,8,71.9,36.99,34.91,0.0
70b0aabde1,gpjpn2024_protocol,PAIRS SHORT PROGRAM,Anastasiia METELKINA / Luka BERULAVA,GEO,2,3,70.28,38.42,31.86,0.0
6422ea267c,gpjpn2024_protocol,PAIRS SHORT PROGRAM,Ellie KAM / Danny O'SHEA,USA,3,6,69.15,36.47,32.68,0.0
9f7302c56d,gpjpn2024_protocol,PAIRS SHORT PROGRAM,Annika HOCKE / Robert KUNKEL,GER,4,7,67.37,36.64,30.73,0.0
3a68be86fb,gpjpn2024_protocol,PAIRS SHORT PROGRAM,Yuna NAGAOKA / Sumitada MORIGUCHI,JPN,5,1,60.32,32.87,27.45,0.0
a58fbadc20,gpjpn2024_protocol,PAIRS SHORT PROGRAM,Daria DANILOVA / Michel TSIBA,NED,6,5,58.9,31.88,27.02,0.0
1f1ce222dd,gpjpn2024_protocol,PAIRS SHORT PROGRAM,Anastasia VAIPAN-LAW / Luke DIGBY,GBR,7,4,58.17,30.11,28.06,0.0
5b951788b1,gpjpn2024_protocol,PAIRS SHORT PROGRAM,Isabelle MARTINS / Ryan BEDARD,USA,8,2,48.95,23.79,25.16,0.0
6afafece36,gpjpn2024_protocol,PAIRS FREE SKATING,Anastasiia METELKINA / Luka BERULAVA,GEO,1,7,142.77,75.43,67.34,0.0
859b9176a4,gpjpn2024_protocol,PAIRS FREE SKATING,Riku MIURA / Ryuichi KIHARA,JPN,2,8,137.55,67.76,69.79,0.0
781dd8f630,gpjpn2024_protocol,PAIRS FREE SKATING,Annika HOCKE / Robert KUNKEL,GER,4,5,121.17,60.61,60.56,0.0
07718faa06,gpjpn2024_protocol,PAIRS FREE SKATING,Daria DANILOVA / Michel TSIBA,NED,5,3,119.47,62.36,57.11,0.0
c99d4b1dec,gpjpn2024_protocol,PAIRS FREE SKATING,Anastasia VAIPAN-LAW / Luke DIGBY,GBR,6,2,116.28,58.96,57.32,0.0
edda2d2b13,gpjpn2024_protocol,PAIRS FREE SKATING,Yuna NAGAOKA / Sumitada MORIGUCHI,JPN,7,4,112.15,55.97,56.18,0.0
ac4e9948cf,gpjpn2024_protocol,MEN SHORT PROGRAM,Yuma KAGIYAMA,JPN,1,10,105.7,59.41,46.29,0.0
e08fac360b,gpjpn2024_protocol,MEN SHORT PROGRAM,Kao MIURA,JPN,2,12,102.96,58.33,44.63,0.0
648d2ca180,gpjpn2024_protocol,MEN SHORT PROGRAM,Tatsuya TSUBOI,JPN,3,2,85.02,48.47,36.55,0.0
ce0420edb9,gpjpn2024_protocol,MEN SHORT PROGRAM,Andrew TORGASHEV,USA,4,4,84.36,45.7,38.66,0.0
0acb87710c,gpjpn2024_protocol,MEN SHORT PROGRAM,Vladimir LITVINTSEV,AZE,6,8,81.85,45.53,36.32,0.0
6800ffc312,gpjpn2024_protocol,MEN SHORT PROGRAM,Gabriele FRANGIPANI,ITA,8,9,81.33,43.1,38.23,0.0
32899c75ea,gpjpn2024_protocol,MEN SHORT PROGRAM,Mark GORODNITSKY,ISR,9,5,77.74,41.3,36.44,0.0
f2e133e6ae,gpjpn2024_protocol,MEN SHORT PROGRAM,Tomoki HIWATASHI,USA,11,1,74.59,38.8,35.79,0.0
54a1b549e3,gpjpn2024_protocol,MEN SHORT PROGRAM,Juheon LIM,KOR,12,3,74.31,39.06,35.25,0.0
e33f1df542,gpjpn2024_protocol,MEN FREE SKATING,Daniel GRASSL,ITA,2,8,181.84,101.66,80.18,0.0
c1f6c43627,gpjpn2024_protocol,MEN FREE SKATING,Tatsuya TSUBOI,JPN,3,10,166.5,89.28,77.22,0.0
63250e6765,gpjpn2024_protocol,MEN FREE SKATING,Matteo RIZZO,ITA,4,6,164.77,82.48,82.29,0.0
b6cbdd91c3,gpjpn2024_protocol,MEN FREE SKATING,Andrew TORGASHEV,USA,5,9,162.22,81.97,80.25,0.0
113469c848,gpjpn2024_protocol,MEN FREE SKATING,Jason BROWN,USA,6,3,152.01,65.77,86.24,0.0
74e3204577,gpjpn2024_protocol,MEN FREE SKATING,Tomoki HIWATASHI,USA,7,2,151.79,80.99,70.8,0.0
4dce7d31ad,gpjpn2024_protocol,MEN FREE SKATING,Gabriele FRANGIPANI,ITA,9,5,142.49,68.26,74.23,0.0
dc93f849ca,gpjpn2024_protocol,MEN FREE SKATING,Mark GORODNITSKY,ISR,10,4,138.02,67.76,70.26,0.0
a5da2807d4,gpjpn2024_protocol,WOMEN SHORT PROGRAM,Kaori SAKAMOTO,JPN,1,12,78.93,42.25,36.68,0.0
8e039ebf1c,gpjpn2024_protocol,WOMEN SHORT PROGRAM,Mone CHIBA,JPN,2,10,71.69,39.01,32.68,0.0
36d7b2c762,gpjpn2024_protocol,WOMEN SHORT PROGRAM,Yuna AOKI,JPN,3,2,69.78,36.89,32.89,0.0
e2b896c026,gpjpn2024_protocol,WOMEN SHORT PROGRAM,Alysa LIU,USA,4,1,65.03,33.68,31.35,0.0
b200cfcc3b,gpjpn2024_protocol,WOMEN SHORT PROGRAM,Bradie TENNELL,USA,5,4,62.05,29.79,32.26,0.0
9e9265132a,gpjpn2024_protocol,WOMEN SHORT PROGRAM,Lara Naki GUTMANN,ITA,6,6,61.51,30.87,30.64,0.0
f0eebf5343,gpjpn2024_protocol,WOMEN SHORT PROGRAM,Seoyeong WI,KOR,7,3,61.43,33.82,27.61,0.0
d4969a9780,gpjpn2024_protocol,WOMEN SHORT PROGRAM,Olga MIKUTINA,AUT,8,5,60.94,30.78,30.16,0.0
336fe63e13,gpjpn2024_protocol,WOMEN SHORT PROGRAM,Ekaterina KURAKOVA,POL,9,11,56.46,27.21,29.25,0.0
954732d502,gpjpn2024_protocol,WOMEN SHORT PROGRAM,Niina PETROKINA,EST,11,9,52.98,23.38,29.6,0.0
db7c746748,gpjpn2024_protocol,WOMEN SHORT PROGRAM,Yelim KIM,KOR,12,8,51.32,22.92,28.4,0.0
6db99001c1,gpjpn2024_protocol,WOMEN FREE SKATING,Kaori SAKAMOTO,JPN,1,12,152.95,76.75,76.2,0.0
0ad686d138,gpjpn2024_protocol,WOMEN FREE SKATING,Mone CHIBA,JPN,2,11,140.85,71.62,69.23,0.0
ad3d85c32a,gpjpn2024_protocol,WOMEN FREE SKATING,Alysa LIU,USA,4,9,125.72,61.45,64.27,0.0
36053caf3a,gpjpn2024_protocol,WOMEN FREE SKATING,Yuna AOKI,JPN,5,10,125.29,58.25,67.04,0.0
c7654cea88,gpjpn2024_protocol,WOMEN FREE SKATING,Lara Naki GUTMANN,ITA,6,7,118.77,56.69,62.08,0.0
f70b010715,gpjpn2024_protocol,WOMEN FREE SKATING,Lindsay THORNGREN,USA,7,3,114.24,55.69,58.55,0.0
b200e06fc9,gpjpn2024_protocol,WOMEN FREE SKATING,Seoyeong WI,KOR,9,6,112.34,56.56,55.78,0.0
f63415a1bb,gpjpn2024_protocol,WOMEN FREE SKATING,Olga MIKUTINA,AUT,10,5,108.99,49.29,59.7,0.0
3d929b58ef,gpjpn2024_protocol,WOMEN FREE SKATING,Ekaterina KURAKOVA,POL,12,4,100.68,42.04,58.64,0.0
59ae0205cc,gpusa2024_protocol,PAIRS SHORT PROGRAM,Riku MIURA / Ryuichi KIHARA,JPN,1,8,77.79,42.41,35.38,0.0
a0eb82459e,gpusa2024_protocol,PAIRS SHORT PROGRAM,Ellie KAM / Danny O'SHEA,USA,2,6,70.66,38.11,32.55,0.0
3db78d8af9,gpusa2024_protocol,PAIRS SHORT PROGRAM,Anastasiia METELKINA / Luka BERULAVA,GEO,3,4,68.64,37.05,31.59,0.0
bd3f343aa8,gpusa2024_protocol,PAIRS SHORT PROGRAM,Maria PAVLOVA / Alexei SVIATCHENKO,HUN,4,7,65.11,34.42,30.69,0.0
4e911b9297,gpusa2024_protocol,PAIRS SHORT PROGRAM,Alisa EFIMOVA / Misha MITROFANOV,USA,5,2,63.05,34.02,29.03,0.0
8e4e047e7e,gpusa2024_protocol,PAIRS SHORT PROGRAM,Anastasia VAIPAN-LAW / Luke DIGBY,GBR,6,5,61.31,33.05,28.26,0.0
c221a984cd,gpusa2024_protocol,PAIRS SHORT PROGRAM,Milania VAANANEN / Filippo CLERICI,FIN,7,3,60.23,33.53,26.7,0.0
9b6ac226be,gpusa2024_protocol,PAIRS SHORT PROGRAM,Katie McBEATH / Daniil PARKMAN,USA,8,1,56.69,29.91,26.78,0.0
0565b5c213,gpusa2024_protocol,PAIRS FREE SKATING,Ellie KAM / Danny O'SHEA,USA,2,7,131.07,64.7,66.37,0.0
fd412b2e62,gpusa2024_protocol,PAIRS FREE SKATING,Alisa EFIMOVA / Misha MITROFANOV,USA,3,4,128.46,67.5,60.96,0.0
ece1182fce,gpusa2024_protocol,PAIRS FREE SKATING,Anastasiia METELKINA / Luka BERULAVA,GEO,4,6,122.79,62.44,60.35,0.0
6a8d109193,gpusa2024_protocol,PAIRS FREE SKATING,Anastasia VAIPAN-LAW / Luke DIGBY,GBR,6,3,118.82,61.05,57.77,0.0
fcb6ca61ca,gpusa2024_protocol,WOMEN SHORT PROGRAM,Isabeau LEVITO,USA,1,12,68.43,34.42,34.01,0.0
621b5b8d2f,gpusa2024_protocol,WOMEN SHORT PROGRAM,Bradie TENNELL,USA,2,4,66.99,34.21,32.78,0.0
64c0c0ad0c,gpusa2024_protocol,WOMEN SHORT PROGRAM,Rinka WATANABE,JPN,3,11,66.54,35.05,31.49,0.0
1e7bb4d71e,gpusa2024_protocol,WOMEN SHORT PROGRAM,Wakaba HIGUCHI,JPN,4,1,66.12,34.39,31.73,0.0
d2c31f7ce6,gpusa2024_protocol,WOMEN SHORT PROGRAM,Nina PINZARRONE,BEL,5,10,62.85,32.03,30.82,0.0
f380fe73c4,gpusa2024_protocol,WOMEN SHORT PROGRAM,Minchae KIM,KOR,6,2,60.66,31.68,28.98,0.0
551fcb7f36,gpusa2024_protocol,WOMEN SHORT PROGRAM,Livia KAISER,SUI,8,7,58.72,30.92,27.8,0.0
529c7dc3de,gpusa2024_protocol,WOMEN SHORT PROGRAM,Olga MIKUTINA,AUT,9,6,56.81,27.16,29.65,0.0
7cea4fd495,gpusa2024_protocol,WOMEN SHORT PROGRAM,Sofja STEPCENKO,LAT,11,8,44.56,19.05,25.51,0.0
9d5e052086,gpusa2024_protocol,WOMEN FREE SKATING,Wakaba HIGUCHI,JPN,1,9,130.81,66.04,64.77,0.0
008c05a1c8,gpusa2024_protocol,WOMEN FREE SKATING,Nina PINZARRONE,BEL,2,8,130.76,66.68,64.08,0.0
e96ebd8f7a,gpusa2024_protocol,WOMEN FREE SKATING,Rinka WATANABE,JPN,3,10,128.68,63.94,64.74,0.0
7729f3a30f,gpusa2024_protocol,WOMEN FREE SKATING,Yuna AOKI,JPN,4,3,126.52,64.52,62.0,0.0
c3c2a50e05,gpusa2024_protocol,WOMEN FREE SKATING,Bradie TENNELL,USA,6,11,125.05,59.54,65.51,0.0
bb808647b5,gpusa2024_protocol,WOMEN FREE SKATING,Livia KAISER,SUI,8,5,118.95,60.98,57.97,0.0
d9bc4d2f15,gpusa2024_protocol,WOMEN FREE SKATING,Olga MIKUTINA,AUT,9,4,109.96,51.33,58.63,0.0
fbb23a856a,gpusa2024_protocol,WOMEN FREE SKATING,Sofja STEPCENKO,LAT,12,2,93.36,41.3,52.06,0.0
0ca98433e4,gpusa2024_protocol,MEN SHORT PROGRAM,Kao MIURA,JPN,2,11,99.54,55.58,43.96,0.0
123be28010,gpusa2024_protocol,MEN SHORT PROGRAM,Nika EGADZE,GEO,3,10,93.89,53.86,40.03,0.0
2ad6641724,gpusa2024_protocol,MEN SHORT PROGRAM,Kevin AYMOZ,FRA,4,9,92.04,46.64,45.4,0.0
2287fdb196,gpusa2024_protocol,MEN SHORT PROGRAM,Deniss VASILJEVS,LAT,5,8,85.1,43.28,41.82,0.0
7fbc12cfa2,gpusa2024_protocol,MEN SHORT PROGRAM,Nozomu YOSHIOKA,JPN,7,6,80.79,44.65,36.14,0.0
70be37ba10,gpusa2024_protocol,MEN SHORT PROGRAM,Maxim NAUMOV,USA,8,2,73.11,36.49,36.62,0.0
74c813bf9d,gpusa2024_protocol,MEN SHORT PROGRAM,Wesley CHIU,CAN,10,5,66.86,31.61,35.25,0.0
1630ade3e6,gpusa2024_protocol,MEN FREE SKATING,Kevin AYMOZ,FRA,1,9,190.84,98.9,91.94,0.0
f701a16dea,gpusa2024_protocol,MEN FREE SKATING,Ilia MALININ,USA,2,12,190.43,102.19,88.24,0.0
cf47826ca9,gpusa2024_protocol,MEN FREE SKATING,Kao MIURA,JPN,3,11,179.13,93.89,85.24,0.0
33eb032edf,gpusa2024_protocol,MEN FREE SKATING,Deniss VASILJEVS,LAT,5,8,166.37,84.65,81.72,0.0
2614ecbac3,gpusa2024_protocol,MEN FREE SKATING,Maxim NAUMOV,USA,7,5,143.27,72.54,70.73,0.0
817ac8591d,gpusa2024_protocol,MEN FREE SKATING,Lucas BROUSSARD,USA,8,2,141.26,67.43,73.83,0.0
30a4858937,gpusa2024_protocol,MEN FREE SKATING,Wesley CHIU,CAN,9,3,140.08,71.82,68.26,0.0
1cc2835c4b,gpusa2024_protocol,MEN FREE SKATING,Nozomu YOSHIOKA,JPN,11,6,135.13,64.47,70.66,0.0
d584cfa8d1,gpusa2024_protocol,MEN FREE SKATING,Donovan CARRILLO,MEX,12,4,128.32,58.38,69.94,0.0
fc31eeb131,gpusa2024_protocol,ICE DANCE RHYTHM DANCE,Lilah FEAR / Lewis GIBSON,GBR,1,10,83.56,47.23,36.33,0.0
78ceb64132,gpusa2024_protocol,ICE DANCE RHYTHM DANCE,Diana DAVIS / Gleb SMOLKIN,GEO,3,3,73.16,40.76,32.4,0.0
02c66b8585,gpusa2024_protocol,ICE DANCE RHYTHM DANCE,Alicia FABBRI / Paul AYER,CAN,4,2,71.75,40.4,31.35,0.0
8a0d9af084,gpusa2024_protocol,ICE DANCE RHYTHM DANCE,Olivia SMART / Tim DIECK,ESP,5,4,70.99,38.25,32.74,0.0
b11c31d131,gpusa2024_protocol,ICE DANCE RHYTHM DANCE,Marie-Jade LAURIAULT / Romain le GAC,CAN,6,8,70.38,36.74,33.64,0.0
e91a296e12,gpusa2024_protocol,ICE DANCE RHYTHM DANCE,Katerina MRAZKOVA / Daniel MRAZEK,CZE,7,7,70.09,37.45,32.64,0.0
9052729a7c,gpusa2024_protocol,ICE DANCE RHYTHM DANCE,Annabelle MOROZOV / Jeffrey CHEN,USA,9,1,66.57,36.73,29.84,0.0
8a11a896ba,gpusa2024_protocol,ICE DANCE RHYTHM DANCE,Elizabeth TKACHENKO / Alexei KILIAKOV,ISR,10,5,65.13,35.58,29.55,0.0
5d8254bb34,gpusa2024_protocol,ICE DANCE FREE DANCE,Madison CHOCK / Evan BATES,USA,1,9,127.75,71.39,56.36,0.0
1729ee69e3,gpusa2024_protocol,ICE DANCE FREE DANCE,Lilah FEAR / Lewis GIBSON,GBR,2,10,122.82,67.9,54.92,0.0
40981d0ecc,gpusa2024_protocol,ICE DANCE FREE DANCE,Olivia SMART / Tim DIECK,ESP,3,6,118.45,66.15,52.3,0.0
26744e9a47,gpusa2024_protocol,ICE DANCE FREE DANCE,Diana DAVIS / Gleb SMOLKIN,GEO,4,8,113.89,63.39,50.5,0.0
cfcb1af859,gpusa2024_protocol,ICE DANCE FREE DANCE,Leah NESET / Artem MARKELOV,USA,5,3,109.7,62.42,47.28,0.0
2e739673e5,gpusa2024_protocol,ICE DANCE FREE DANCE,Marie-Jade LAURIAULT / Romain le GAC,CAN,7,5,104.53,57.11,47.42,0.0
90236d1087,gpusa2024_protocol,ICE DANCE FREE DANCE,Elizabeth TKACHENKO / Alexei KILIAKOV,ISR,8,1,101.81,57.03,44.78,0.0
